Cakes_id,price,Ingredients,Cake_name,Cake_size,Flavor,Shipment
121.97.189.104/26,5370,nulla ut erat,"Cremin, Jaskolski and Shanahan",39,Cheese - Wine,70
135.7.53.120/24,7131,odio curabitur convallis duis,"Feil, Luettgen and Koch",12,Chicken Thigh - Bone Out,89
44.83.154.138/9,6931,nam tristique tortor eu,Harber Inc,31,Gherkin,87
244.38.206.246/3,9081,volutpat convallis morbi,Thiel Inc,12,Tarts Assorted,61
37.111.175.52/6,6121,faucibus orci luctus et ultrices,"Hansen, Gorczany and Stamm",36,Nantucket - Orange Mango Cktl,49
226.162.13.234/9,8385,pellentesque at nulla suspendisse potenti,Moen-Upton,40,"Rum - White, Gg White",30
100.190.117.65/21,9179,vel sem sed sagittis,Heathcote-Reynolds,34,Chef Hat 25cm,92
244.181.81.54/27,8791,nisl duis bibendum felis sed,Connelly-Schowalter,26,Tomatoes,60
40.101.221.30/16,6681,libero ut massa volutpat convallis,Jacobson-Grant,36,"Carrots - Purple, Organic",100
211.28.64.99/5,8948,mi integer ac neque,"Lakin, Stanton and Klocko",21,Bar - Granola Trail Mix Fruit Nut,53
175.243.242.136/14,6946,id consequat in,Corkery Inc,26,Truffle Shells - Semi - Sweet,33
204.151.115.213/3,8600,sit amet diam,Robel-O'Connell,31,Fudge - Cream Fudge,69
181.196.96.133/10,6128,pretium iaculis diam erat fermentum,Spinka Group,33,Turnip - Mini,55
36.35.214.189/4,7783,volutpat eleifend donec ut,Ortiz LLC,27,"Pasta - Cannelloni, Sheets, Fresh",72
92.223.192.125/14,8439,turpis sed ante vivamus tortor,"Kemmer, Quigley and Armstrong",40,Bread - Wheat Baguette,70
27.69.26.161/28,6310,nulla sed vel enim,"Brown, Parker and Grady",37,Bacardi Breezer - Strawberry,85
53.180.175.50/12,5591,molestie sed justo pellentesque viverra,"Raynor, Treutel and Kling",25,Sauce - Roasted Red Pepper,67
140.30.73.169/19,7472,id nulla ultrices aliquet,Paucek-Klocko,32,Tomato - Green,70
1.158.53.173/19,5335,sodales sed tincidunt eu felis,"Walker, Rogahn and Littel",20,"Hickory Smoke, Liquid",55
237.156.78.238/12,9778,tempor convallis nulla neque libero,Kuvalis-Herzog,32,Pasta - Fusili Tri - Coloured,55
2.34.86.19/24,9414,sit amet lobortis sapien,Ziemann LLC,30,"Shrimp - 16/20, Peeled Deviened",48
10.45.216.46/21,9335,vestibulum ante ipsum,Herman LLC,39,Juice - Orange 1.89l,91
167.219.28.75/13,8158,tempor convallis nulla,Schroeder-Mertz,12,Pastry - Raisin Muffin - Mini,84
1.201.95.192/22,8898,ac leo pellentesque ultrices mattis,"Abbott, Schumm and Dare",21,Russian Prince,53
213.221.228.108/10,7763,pulvinar sed nisl,Heller Group,22,Broom And Brush Rack Black,51
70.91.244.34/3,6438,elementum in hac,"Torphy, Morissette and Johns",20,General Purpose Trigger,38
148.154.226.147/16,6133,felis fusce posuere,Cassin LLC,23,Longos - Burritos,56
205.49.246.65/27,5989,pellentesque ultrices phasellus id,Schowalter and Sons,27,Muffin Batt - Carrot Spice,56
207.226.37.244/30,9005,sed augue aliquam erat,"Swaniawski, Doyle and Gleason",30,Soup - French Can Pea,46
129.207.176.220/29,6719,leo odio condimentum id,"Raynor, Fay and Satterfield",28,Tomatoes - Heirloom,75
146.193.206.54/10,6559,consequat lectus in,"Barton, Herman and Parker",27,Pork - Hock And Feet Attached,44
26.225.48.172/24,5164,luctus cum sociis natoque penatibus,Hodkiewicz-Sawayn,35,Wine - Blue Nun Qualitatswein,64
140.232.149.60/12,5215,augue vel accumsan tellus nisi,White-Blick,16,Chervil - Fresh,57
35.73.104.163/22,7275,orci luctus et,Torp LLC,30,Strawberries,70
151.177.199.42/6,7232,condimentum id luctus,Ebert Inc,33,Flavouring - Orange,49
127.115.232.65/29,9950,justo nec condimentum neque sapien,O'Hara-Hirthe,11,Sausage - Breakfast,79
206.184.100.161/10,8035,mus vivamus vestibulum,Shields-O'Hara,18,Soup - Campbells Beef Noodle,64
173.2.253.126/27,8039,sapien quis libero,"Mueller, Gerlach and Wolf",19,Sour Puss Sour Apple,74
74.167.74.119/21,5162,curae duis faucibus accumsan odio,Streich Group,33,Table Cloth 62x120 White,85
170.248.71.248/26,9729,blandit non interdum,"Cronin, Kris and Dicki",25,"Oil - Truffle, Black",76
100.110.46.124/30,9771,a pede posuere nonummy,Carroll LLC,32,Oil - Olive Bertolli,31
95.75.189.129/21,8531,elit ac nulla sed,Hettinger LLC,10,"Wine - Magnotta, White",33
35.23.27.146/27,5895,adipiscing elit proin,Kuvalis LLC,11,Hot Chocolate - Individual,39
107.225.227.133/6,8676,et eros vestibulum,"Boyer, Ferry and Rau",34,Flower - Leather Leaf Fern,76
44.255.89.186/14,6226,hac habitasse platea,Gutkowski and Sons,35,"Wine - Red, Colio Cabernet",78
160.163.44.12/7,8992,parturient montes nascetur,"Zemlak, Heidenreich and Robel",32,"Tarragon - Primerba, Paste",74
91.210.206.42/22,5616,vel sem sed,Deckow-Waters,30,Island Oasis - Banana Daiquiri,46
155.165.43.139/11,5046,at nunc commodo placerat,Bogan Group,39,Chocolate - Dark Callets,32
250.157.51.4/10,6170,nisl aenean lectus,O'Connell LLC,38,"Wine - Red, Cooking",52
166.162.27.17/1,5101,curae mauris viverra,"Mertz, Treutel and Dickens",25,"Gin - Gilbeys London, Dry",53
147.197.53.115/20,5517,augue vel accumsan tellus nisi,"Balistreri, Bode and Harvey",35,Lettuce - Lolla Rosa,99
22.36.168.109/26,5814,et ultrices posuere cubilia,Prosacco-Schaden,14,Napkin White,83
107.12.55.81/4,9233,quis orci eget orci vehicula,"Botsford, Purdy and Barton",28,Sobe - Liz Blizz,57
121.67.111.48/5,6957,venenatis turpis enim,Maggio Group,29,Anchovy Fillets,59
192.45.118.254/6,8688,laoreet ut rhoncus aliquet,Block-Emmerich,31,Couscous,47
84.125.122.231/27,9753,pede malesuada in,Breitenberg-McKenzie,12,Isomalt,46
11.45.205.82/5,5986,sapien in sapien,"Pfannerstill, Cormier and Weber",35,Ecolab Crystal Fusion,46
192.189.146.12/25,5720,convallis nunc proin,"Welch, Mann and Denesik",25,Cake - Cheese Cake 9 Inch,71
230.62.185.169/2,8865,in est risus,Konopelski-Runte,13,Wine - Tribal Sauvignon,97
101.38.242.164/24,6375,nulla ac enim,Trantow Group,16,Potatoes - Pei 10 Oz,72
13.210.155.251/8,7063,posuere cubilia curae nulla dapibus,Grant LLC,13,Cheese - Ricotta,82
0.151.56.40/16,5771,sed sagittis nam congue risus,"Harris, Corwin and Baumbach",35,"Mop Head - Cotton, 24 Oz",71
54.73.41.159/22,8658,blandit nam nulla integer,Harber-Mueller,26,Tomatoes - Grape,35
183.129.230.70/9,7900,consequat dui nec nisi,Luettgen-Reichert,38,Bread - Italian Roll With Herbs,81
145.201.119.31/23,8728,elementum in hac,Schultz-Stiedemann,18,Turkey Leg With Drum And Thigh,59
226.255.52.93/21,5557,ligula in lacus,"Kutch, Kuphal and Larson",33,Veal - Eye Of Round,38
204.160.245.119/16,5418,sit amet erat nulla tempus,Koelpin-Prohaska,19,"Pasta - Tortellini, Fresh",87
162.3.116.57/31,6134,ultrices posuere cubilia curae duis,Gaylord-Beatty,19,Wine - Prosecco Valdobienne,40
139.214.111.252/15,8356,orci luctus et ultrices posuere,Bogan-Schneider,37,"Bread - Crumbs, Bulk",100
106.243.39.127/26,9542,lacinia sapien quis libero nullam,Brakus-Mohr,34,Garlic,40
246.195.182.81/21,7370,ac leo pellentesque,Lynch-Sporer,37,"Arctic Char - Fresh, Whole",72
85.225.125.100/10,6326,lacinia aenean sit,Howell and Sons,29,"Cheese - Brie, Cups 125g",87
128.11.85.153/16,9971,dui maecenas tristique,Feil LLC,24,Wine - Manischewitz Concord,92
155.42.72.80/29,9258,leo odio condimentum id luctus,Jacobs LLC,29,Extract - Raspberry,60
49.194.33.47/4,8314,posuere nonummy integer,Johnson Inc,16,Soup - Campbells Chicken,60
10.123.146.6/18,9154,morbi odio odio elementum eu,VonRueden-Gerhold,23,Wiberg Super Cure,97
93.36.81.246/2,9442,aliquam quis turpis eget elit,Luettgen Inc,10,Horseradish Root,91
137.212.149.245/8,7670,consectetuer adipiscing elit proin risus,Wisoky LLC,19,Cornstarch,85
212.101.13.119/6,7169,luctus cum sociis natoque penatibus,"Prosacco, Jast and Corwin",17,Flour - Fast / Rapid,84
58.50.32.7/20,7737,quis augue luctus,Corkery-Beahan,23,Lemonade - Pineapple Passion,82
48.41.130.5/21,7971,eu felis fusce posuere felis,Leannon-O'Reilly,40,Cafe Royale,43
155.196.119.70/15,5191,fusce lacus purus aliquet,"Christiansen, Harris and Wilkinson",34,Stainless Steel Cleaner Vision,52
205.133.11.211/2,6494,nisl venenatis lacinia,Stamm-Little,30,Wine - Casillero Deldiablo,61
58.12.76.16/23,5669,mollis molestie lorem,Price Group,38,Sauce - Salsa,54
66.194.185.95/24,7363,dapibus at diam nam tristique,Runte LLC,14,"Juice - Tomato, 48 Oz",42
169.188.253.184/12,7371,semper rutrum nulla nunc,Friesen Inc,39,Soup Bowl Clear 8oz92008,94
187.162.54.68/25,6532,in sapien iaculis,Hermann-Langworth,31,Edible Flower - Mixed,55
46.119.64.225/25,8518,semper sapien a,Tillman-Feeney,32,"Beans - Black Bean, Canned",95
100.181.65.141/20,8942,vivamus vestibulum sagittis,Ferry Group,33,Cream Of Tartar,92
92.187.12.61/29,8704,augue vestibulum ante ipsum primis,Kling-Luettgen,29,"Beans - Fava, Canned",69
243.143.215.142/29,6068,velit donec diam neque vestibulum,Ebert-Dibbert,33,Muffin - Mix - Creme Brule 15l,37
67.49.96.192/30,5721,aliquet at feugiat non,"Kovacek, Kunde and Waelchi",12,Wine - Gewurztraminer Pierre,45
157.181.2.185/26,9473,ut blandit non interdum in,Kautzer-Kirlin,13,"Pasta - Penne Primavera, Single",44
247.36.46.253/7,5694,in faucibus orci luctus,Miller Inc,24,Juice - Prune,37
244.37.202.245/24,6642,proin risus praesent lectus,Olson Group,34,Lobster - Cooked,37
188.84.172.139/21,8396,sit amet nulla quisque arcu,Veum Group,23,Muffin Mix - Carrot,81
186.205.219.8/31,7197,hac habitasse platea dictumst morbi,"Mayer, Bode and Zemlak",35,Phyllo Dough,31
241.91.232.178/28,9896,turpis sed ante,Powlowski Group,21,"Mushroom - Shitake, Dry",68
65.245.70.157/7,8564,nibh fusce lacus purus,"Marks, Mitchell and Bruen",14,Bread - Flat Bread,91
7.189.14.180/6,8132,pede ullamcorper augue a suscipit,Kulas Inc,21,Alize Red Passion,75
9.103.44.70/7,8422,cubilia curae duis faucibus accumsan,Hilpert LLC,11,Vacuum Bags 12x16,79
144.221.198.153/15,6801,in blandit ultrices enim,"Zieme, Beer and Johns",18,Cornish Hen,53
247.179.86.218/5,8410,turpis enim blandit mi,Berge Group,36,Slt - Individual Portions,38
20.209.115.69/14,5678,non interdum in ante vestibulum,"Kreiger, Mraz and Baumbach",39,Bread - Hot Dog Buns,47
171.116.245.33/8,7414,molestie hendrerit at vulputate vitae,Kovacek Inc,24,Longos - Lasagna Beef,42
19.235.2.37/21,8076,amet justo morbi ut odio,"Lowe, Reinger and Dare",19,"Jam - Strawberry, 20 Ml Jar",46
141.123.237.175/24,9646,neque aenean auctor gravida sem,"Abshire, Abernathy and Crist",32,Appetizer - Lobster Phyllo Roll,77
137.61.153.69/1,9729,ut erat curabitur gravida,Lubowitz-Schiller,12,Wine - Alsace Riesling Reserve,73
252.156.164.193/30,9109,eleifend quam a odio,Huels-Lockman,25,Oil - Sesame,68
53.74.32.53/14,5873,eu tincidunt in leo,Bartell and Sons,23,"Juice - Tomato, 10 Oz",80
187.226.172.211/23,6832,lacus morbi sem,Kling LLC,39,Wine - Jaboulet Cotes Du Rhone,36
236.146.205.12/7,6699,nec euismod scelerisque quam,"Effertz, Schamberger and Steuber",19,Goat - Leg,73
109.167.59.148/24,7857,leo maecenas pulvinar lobortis,Harris-Cassin,17,Dehydrated Kelp Kombo,44
202.196.141.132/30,9968,id justo sit amet,Gusikowski Group,39,"Cake Circle, Foil, Scallop",60
151.127.193.129/23,9615,est quam pharetra magna ac,"Weimann, Aufderhar and Kuhn",18,Ginger - Ground,64
78.115.114.126/18,6179,luctus cum sociis natoque penatibus,Grimes-Padberg,23,Cabbage Roll,97
68.132.36.53/24,9996,fusce lacus purus aliquet at,Cartwright Inc,12,Butter Sweet,35
110.176.131.34/3,7404,volutpat erat quisque erat,Williamson-Hand,30,Daves Island Stinger,82
179.103.83.140/23,6919,nam dui proin leo,Hegmann Group,27,"Coconut - Shredded, Sweet",70
77.159.85.19/26,8645,porta volutpat quam pede,Bruen-Boyle,38,"Stock - Beef, Brown",31
36.145.37.171/6,5798,quis turpis sed ante vivamus,"Pacocha, Ortiz and Will",31,Pepper - Chilli Seeds Mild,71
157.229.86.93/28,5221,iaculis congue vivamus,Medhurst-Bartoletti,11,Pears - Fiorelle,69
233.127.223.128/15,5885,tincidunt lacus at,Turner-Donnelly,13,Hand Towel,77
102.53.157.96/2,5432,cubilia curae duis,"Schiller, Smith and Stroman",28,Clementine,67
243.134.120.22/17,5751,arcu libero rutrum ac,"Schulist, Sauer and Schneider",27,Chutney Sauce - Mango,71
128.150.171.14/25,8497,eget eleifend luctus ultricies,Rolfson Group,35,Beef - Cow Feet Split,39
19.247.80.119/29,9593,semper sapien a,Romaguera-Sawayn,23,Onions - Spanish,42
78.40.104.226/10,7242,interdum in ante,Mosciski-Heaney,17,"Oil - Truffle, Black",78
13.157.244.164/28,6834,morbi non quam nec dui,Moore-Cole,39,"Pasta - Penne Primavera, Single",62
147.116.211.32/7,9124,natoque penatibus et,"Graham, Monahan and Kuhic",21,Sauce - Demi Glace,66
144.236.174.7/28,5113,amet justo morbi ut odio,"Boyle, Hansen and Nienow",34,Compound - Rum,30
252.115.150.250/18,8997,congue etiam justo etiam,Mohr LLC,20,Tomato Paste,69
216.1.206.92/13,5101,enim leo rhoncus,"Baumbach, Hirthe and Beier",31,Versatainer Nc - 888,93
58.83.35.209/23,6797,curae donec pharetra magna,"Abshire, Bashirian and Pollich",14,Cheese - Oka,41
15.185.54.95/10,5001,libero non mattis pulvinar nulla,"Murphy, Baumbach and Bergnaum",35,Wine - Fino Tio Pepe Gonzalez,57
14.168.79.19/25,5857,nulla justo aliquam,Reilly-Labadie,39,"Juice - Grape, White",38
252.151.127.156/4,6992,proin at turpis a pede,Balistreri-Prosacco,30,Longos - Greek Salad,57
54.92.61.26/25,7126,diam vitae quam suspendisse potenti,"Raynor, Thiel and Jenkins",30,"Wine - Red, Black Opal Shiraz",48
152.45.81.176/27,9679,fusce congue diam id ornare,"Stamm, McDermott and Daugherty",31,Bay Leaf Ground,82
221.142.233.113/11,6586,accumsan odio curabitur,Collier-Kulas,37,Pike - Frozen Fillet,40
159.146.224.207/11,7501,odio donec vitae,"Willms, Wisozk and Ankunding",20,"Doilies - 12, Paper",73
241.118.116.131/13,5469,molestie nibh in,"Satterfield, Runolfsdottir and Nikolaus",12,Chocolate - Milk,59
131.10.147.207/28,6361,dapibus dolor vel est donec,"McClure, Weber and Kovacek",19,Mince Meat - Filling,35
208.209.92.247/14,5886,penatibus et magnis,Roob Inc,16,Pepper - Red Chili,73
22.93.51.253/10,6561,quam suspendisse potenti nullam,"Pouros, Brown and Murray",25,Syrup - Chocolate,65
116.196.240.211/9,5117,luctus rutrum nulla,"McLaughlin, Lind and Johnson",22,Snapple - Iced Tea Peach,44
153.76.200.119/21,6103,ligula suspendisse ornare consequat,"Batz, Krajcik and Lubowitz",21,Instant Coffee,36
74.127.136.114/27,7542,integer a nibh,Auer Inc,12,Rolled Oats,66
144.52.132.12/16,7432,aliquam augue quam sollicitudin,"Zemlak, Graham and Bogan",33,Shrimp - Black Tiger 16/20,30
37.148.150.218/2,6086,lorem ipsum dolor sit,"Wolff, Marvin and Gislason",33,"Wine - Red, Concha Y Toro",57
20.8.194.204/3,8121,nec sem duis aliquam,Swaniawski-Bins,15,Pork - Bones,58
7.89.86.229/22,9344,erat curabitur gravida nisi,Kessler-Erdman,14,Chevere Logs,79
81.51.34.217/29,6851,eleifend luctus ultricies,Conroy Inc,36,Foil Cont Round,39
112.255.15.201/5,9965,volutpat convallis morbi,"McCullough, Jacobi and Dickinson",14,Lamb Tenderloin Nz Fr,62
129.77.145.61/27,6748,eu est congue,"Russel, Okuneva and Vandervort",32,"Onions - Dried, Chopped",32
252.36.165.170/12,9423,orci luctus et ultrices posuere,Powlowski and Sons,32,Cocoa Powder - Natural,34
85.195.87.56/13,8898,consectetuer adipiscing elit,Maggio-Turcotte,37,Quail - Jumbo,42
25.236.26.25/12,9587,sociis natoque penatibus et magnis,Morar-Rice,40,Duck - Fat,86
203.194.2.57/12,6448,mollis molestie lorem quisque,Green LLC,31,Rosemary - Fresh,68
173.88.0.98/12,6029,diam erat fermentum,Gerlach and Sons,12,Chinese Foods - Plain Fried Rice,72
172.53.233.64/13,9045,arcu sed augue aliquam,Schaefer Group,11,Mix - Cappucino Cocktail,34
232.20.13.65/22,7282,nibh quisque id justo sit,Mills Inc,11,Remy Red,44
75.97.30.182/22,9592,parturient montes nascetur ridiculus,"Yost, Tremblay and Klein",26,"Pork - Ham, Virginia",59
192.241.91.228/23,5842,vulputate vitae nisl,"Barton, Romaguera and Conroy",33,Tequila Rose Cream Liquor,76
205.224.99.206/1,9472,pede malesuada in imperdiet et,"Nienow, Barton and Pouros",36,"Juice - Grape, White",89
75.150.189.120/19,9246,sodales sed tincidunt,Hickle Group,37,Icecream - Dstk Cml And Fdg,95
195.175.28.2/30,9121,sed magna at nunc,Prosacco-Prosacco,19,"Wine - Magnotta, White",32
76.157.165.60/17,8939,ac leo pellentesque ultrices mattis,Cummerata-Reilly,26,Beef - Cow Feet Split,81
161.25.220.107/13,8923,curae donec pharetra,"Franecki, Johnston and Runte",31,Beans - Butter Lrg Lima,96
11.84.156.195/12,9958,id ornare imperdiet sapien urna,Casper-Sauer,15,Magnotta Bel Paese Red,94
203.38.200.36/17,9257,faucibus orci luctus et,Fay-Greenfelder,15,"Wine - Red, Pelee Island Merlot",47
46.198.242.6/20,6046,maecenas pulvinar lobortis est,O'Connell-Hodkiewicz,24,Sauce - Thousand Island,47
48.88.157.178/1,8894,vel pede morbi porttitor lorem,"Waters, Leannon and Aufderhar",32,Squash - Pepper,35
0.17.229.94/24,8332,donec odio justo,"Bradtke, Cronin and Shanahan",38,Beef - Eye Of Round,61
97.37.211.136/31,8614,nonummy maecenas tincidunt lacus at,Kautzer-Quitzon,17,Kellogs All Bran Bars,68
204.4.201.239/31,5532,magna at nunc commodo placerat,"Morar, Altenwerth and Walter",32,Lotus Leaves,51
213.24.200.251/9,9985,consequat ut nulla sed,Okuneva-Kozey,39,Sauce - Hoisin,100
163.173.94.82/20,7272,justo maecenas rhoncus aliquam,Will-Steuber,11,Dried Cherries,47
203.33.63.53/19,7916,vel nulla eget,"Baumbach, Johns and Kerluke",40,Kiwano,78
74.186.57.101/29,6706,posuere cubilia curae,Langosh and Sons,34,Skirt - 29 Foot,90
165.221.155.60/16,8364,mi pede malesuada,Cronin LLC,17,Wine - Carmenere Casillero Del,84
151.33.187.245/6,6760,quisque ut erat curabitur gravida,"Rolfson, King and Reinger",30,"Crab - Back Fin Meat, Canned",77
236.231.103.103/9,6351,a libero nam,Barrows-Bednar,12,Gherkin - Sour,89
33.194.85.77/8,7400,dui maecenas tristique est et,Ledner-Tromp,37,Mangoes,98
246.82.131.19/13,6586,lacinia eget tincidunt eget,Kilback Group,15,"Beef - Tenderlion, Center Cut",83
98.53.227.241/21,7266,ligula pellentesque ultrices phasellus id,"Fritsch, Daniel and Huels",17,White Baguette,94
113.16.199.136/30,7735,montes nascetur ridiculus mus etiam,Green-O'Reilly,33,Lotus Rootlets - Canned,84
210.91.218.27/3,9595,quam sapien varius ut blandit,"Beier, Carroll and Jast",21,"Mushroom - Chanterelle, Dry",76
94.195.67.246/3,6277,dictumst morbi vestibulum velit id,"Jacobs, Bogisich and Romaguera",21,Steampan Lid,42
165.232.62.218/1,8560,in faucibus orci luctus,"Stehr, Dicki and Roberts",16,"Pail - 4l White, With Handle",38
56.121.18.82/2,8906,quis augue luctus tincidunt nulla,Ledner-Hoppe,10,Cake - Mini Cheesecake,37
37.120.12.69/1,6182,dolor quis odio consequat,"Beier, Bins and Runte",16,Chick Peas - Canned,53
21.234.136.142/7,6207,duis bibendum felis,"Langosh, Watsica and O'Reilly",16,Mustard Prepared,69
241.170.47.70/5,6895,suscipit nulla elit,Hartmann-Harber,37,Lettuce - Arugula,60
2.237.26.24/18,6267,sed nisl nunc rhoncus dui,"Block, Rippin and Romaguera",38,Pears - Anjou,36
32.152.147.214/1,8581,orci luctus et ultrices,"Lynch, Muller and Bogisich",35,"Lobster - Tail, 3 - 4 Oz",66
250.61.83.199/24,7874,iaculis diam erat,"Ferry, Hickle and Berge",16,Milk - 2%,30
98.29.192.174/30,6215,lorem vitae mattis,"Herman, Boyle and Lockman",32,"Crush - Grape, 355 Ml",38
197.144.133.168/21,8895,ultrices mattis odio donec,"Jacobi, Rice and Kutch",21,Calaloo,50
155.148.173.14/20,6760,ullamcorper purus sit amet nulla,Schowalter LLC,16,Pastry - Choclate Baked,51
83.5.223.214/29,7109,interdum mauris non ligula,Smitham-Langosh,17,Wine - Acient Coast Caberne,43
217.59.245.40/28,8627,dapibus duis at velit eu,Ratke and Sons,36,V8 Splash Strawberry Kiwi,49
202.72.253.113/31,5751,tellus nulla ut erat id,"Stiedemann, Breitenberg and Zulauf",10,Beef - Tenderloin - Aa,71
2.153.65.0/13,7456,duis ac nibh fusce lacus,Corkery and Sons,11,Squid - U - 10 Thailand,69
156.227.68.228/13,6738,convallis morbi odio,Okuneva Group,20,Worcestershire Sauce,94
132.131.114.82/15,6286,ante vivamus tortor duis,Kris-Kulas,34,Wild Boar - Tenderloin,39
22.44.92.231/13,6206,felis donec semper sapien,"Hessel, Morissette and Schmeler",25,"Tart Shells - Sweet, 2",47
236.148.32.212/8,5462,leo rhoncus sed vestibulum sit,O'Connell-O'Hara,18,Compound - Strawberry,99
27.213.101.182/25,7650,platea dictumst etiam faucibus,Jast Group,22,Soap - Pine Sol Floor Cleaner,61
254.75.184.206/28,5552,adipiscing lorem vitae mattis nibh,Doyle Group,34,Cloves - Whole,68
248.218.202.205/21,6945,pellentesque eget nunc donec,"Collier, Hahn and Deckow",33,Whmis - Spray Bottle Trigger,35
175.15.77.73/8,5641,dui vel nisl,"McGlynn, Mertz and Schroeder",33,Sauce - Thousand Island,95
13.23.81.189/28,6100,diam neque vestibulum eget,Stroman-Orn,22,Bread Base - Italian,85
204.134.117.251/14,8446,proin at turpis a,Miller LLC,10,Cheese Cheddar Processed,49
38.9.158.144/29,5051,ultrices posuere cubilia,Lehner Inc,21,Jack Daniels,75
222.25.190.122/13,9115,at turpis donec posuere metus,"Kautzer, Huel and Haley",32,Lobster - Cooked,30
237.171.74.30/22,6901,venenatis tristique fusce congue,"Block, Kihn and Nienow",15,Wine - Pinot Noir Pond Haddock,90
161.50.105.112/27,8237,ut mauris eget,Bernier Group,16,Jicama,57
35.104.104.125/21,7407,ante ipsum primis in,"Runolfsdottir, Sawayn and Jast",23,Wheat - Soft Kernal Of Wheat,46
48.10.63.68/2,7758,fermentum donec ut,Mayer LLC,11,Pastry - Cherry Danish - Mini,64
62.210.47.120/6,5750,quam turpis adipiscing,"Batz, Marks and Gusikowski",33,Danishes - Mini Cheese,73
217.56.74.105/14,5716,nibh fusce lacus purus,West LLC,16,Veal - Bones,65
113.26.217.234/16,9752,tellus in sagittis dui,Schoen-Lubowitz,10,Magnotta Bel Paese Red,98
53.51.171.152/12,6462,amet sem fusce consequat nulla,"Goldner, Kirlin and Blanda",29,Roe - White Fish,84
27.150.171.98/28,8359,pede ac diam,Schuster-Kemmer,34,Chocolate - White,56
221.0.16.162/4,7256,sed augue aliquam erat,"Kuhic, Douglas and Armstrong",19,Asparagus - Frozen,100
132.140.24.28/29,9087,orci luctus et,Lowe Inc,24,Ecolab Digiclean Mild Fm,40
35.13.192.142/4,9607,sapien dignissim vestibulum,"Lindgren, O'Reilly and Raynor",16,Flavouring Vanilla Artificial,60
216.195.143.95/17,7412,natoque penatibus et magnis dis,Rice Group,32,"Wine - White, Pinot Grigio",43
171.219.145.248/6,9878,a ipsum integer,Cormier Group,20,"Asparagus - White, Fresh",80
220.53.45.63/29,6437,blandit lacinia erat vestibulum sed,"Ebert, Marvin and Herzog",34,"Rum - White, Gg White",93
75.182.137.122/4,7496,faucibus orci luctus et ultrices,Bergstrom-Jacobi,13,Wine - Pinot Noir Stoneleigh,73
149.92.184.110/11,5261,natoque penatibus et magnis dis,Windler LLC,39,Pie Shell - 5,43
150.111.224.68/27,9453,lectus pellentesque at,Dach Inc,22,Muffin Orange Individual,62
28.197.135.182/9,8907,ante nulla justo aliquam quis,Daugherty Inc,18,Calvados - Boulard,91
76.105.101.99/25,6842,erat tortor sollicitudin mi,"Cartwright, Rodriguez and Hoeger",29,"Rosemary - Primerba, Paste",59
86.246.203.242/12,6023,justo in hac habitasse,Davis-Kreiger,23,Muffin Hinge - 211n,70
120.252.41.195/4,7508,sit amet eleifend pede libero,Nikolaus and Sons,25,Turnip - Wax,82
151.168.41.47/27,9842,eget eros elementum,"VonRueden, Thiel and Welch",37,Cheese - Taleggio D.o.p.,57
184.95.125.185/30,8605,non mauris morbi non,Baumbach-Thompson,25,"Basil - Primerba, Paste",32
178.91.62.138/10,6344,aliquam augue quam sollicitudin,McLaughlin-Paucek,36,Rabbit - Whole,37
106.186.93.161/26,7306,molestie nibh in,Kuvalis-Witting,27,"Nut - Hazelnut, Ground, Natural",30
95.76.39.188/31,9610,cras in purus eu,Nienow and Sons,38,Sherry - Dry,67
44.200.100.119/26,9763,eu interdum eu tincidunt in,Tromp LLC,15,Amaretto,61
231.126.81.78/27,9090,congue risus semper porta volutpat,Okuneva-Labadie,25,"Lid - 10,12,16 Oz",40
143.240.23.140/17,5411,ornare imperdiet sapien urna,Sawayn Inc,13,Jameson - Irish Whiskey,61
234.112.72.226/19,9640,luctus cum sociis,Wintheiser Inc,22,Sugar - Palm,32
215.175.190.188/17,8159,est congue elementum,Collins-Legros,24,Cookie Dough - Chunky,85
175.203.234.74/30,7843,potenti in eleifend quam a,Lehner-Kirlin,20,Wine - Tribal Sauvignon,96
8.135.199.31/7,8699,suspendisse accumsan tortor,Lebsack and Sons,19,Juice - Happy Planet,93
109.153.161.184/4,7914,morbi odio odio elementum eu,"Zieme, Shields and Auer",22,Southern Comfort,91
65.20.218.110/15,9495,sapien ut nunc,Kutch-Harris,24,Bread - Raisin Walnut Oval,48
152.205.46.226/8,6981,porta volutpat erat,Jaskolski-Walter,28,Irish Cream - Butterscotch,81
148.195.212.239/5,6643,est risus auctor sed tristique,Hauck-Nader,31,Sugar - Fine,51
17.94.124.158/26,9399,ultrices posuere cubilia,Kemmer and Sons,11,Chip - Potato Dill Pickle,35
40.196.196.47/30,9123,nunc vestibulum ante ipsum primis,"Schimmel, Jenkins and Hackett",40,Cocoa Butter,34
39.46.248.216/13,6473,fusce consequat nulla,Hodkiewicz and Sons,15,Bread - Sour Sticks With Onion,92
224.50.74.82/13,8720,venenatis non sodales sed,Anderson LLC,26,Salmon - Sockeye Raw,87
153.196.146.177/31,5416,dolor morbi vel,Borer Inc,31,"Cheese - Boursin, Garlic / Herbs",57
252.24.118.208/15,9280,nisi vulputate nonummy maecenas,Klein-Hickle,15,Wine - Chateau Timberlay,41
91.255.50.176/1,9407,id turpis integer aliquet,Brekke Inc,16,Tofu - Firm,81
1.38.164.253/27,8396,dapibus at diam nam,Altenwerth and Sons,14,Chicken Breast Halal,74
247.197.246.41/13,9350,amet eleifend pede,Wehner-Ratke,14,"Orange - Canned, Mandarin",86
150.101.211.99/10,6473,sapien ut nunc vestibulum,Haley-Bartell,21,Mince Meat - Filling,73
182.74.127.128/20,5728,posuere cubilia curae,Lubowitz Inc,36,Bread - Kimel Stick Poly,36
189.187.66.160/16,5358,sem mauris laoreet ut rhoncus,Bashirian LLC,32,Remy Red,91
119.12.179.41/4,8795,iaculis justo in,Lowe-Hills,29,Chicken - Whole Roasting,72
83.33.218.210/6,8629,blandit nam nulla integer,"Goldner, Glover and Kris",40,Container - Clear 16 Oz,51
106.84.36.33/23,6246,dapibus augue vel accumsan tellus,Jacobs-Dare,10,English Muffin,96
244.227.72.46/17,8390,nulla tellus in,Wisoky and Sons,16,Sultanas,98
14.178.253.193/6,8279,libero nam dui proin leo,Hudson-Haley,36,Sea Bass - Whole,45
19.4.176.68/21,9661,nec sem duis aliquam,"Lebsack, Rohan and Johns",22,Cod - Black Whole Fillet,95
123.40.224.43/22,8813,orci vehicula condimentum,Steuber Group,39,Wine - Bouchard La Vignee Pinot,75
117.157.212.32/16,8254,in faucibus orci luctus,Hessel-Rempel,27,Gingerale - Diet - Schweppes,62
60.42.91.25/26,5858,in eleifend quam a,O'Conner-Lemke,33,Beef - Prime Rib Aaa,96
54.219.229.125/11,5498,nec euismod scelerisque quam,Kuhlman Inc,22,Beer - Labatt Blue,45
41.190.13.211/16,7013,in faucibus orci luctus et,Quigley-Deckow,17,Pepper - Orange,65
233.206.5.45/21,5845,porta volutpat erat,"Lueilwitz, Hegmann and Emard",21,Mussels - Frozen,57
128.97.23.83/28,7834,amet justo morbi ut,Haley-Erdman,34,"Pasta - Detalini, White, Fresh",97
232.54.73.99/28,9238,nulla elit ac nulla,Hermiston-Hackett,35,Hagen Daza - Dk Choocolate,35
214.108.53.229/6,5715,lorem quisque ut erat curabitur,"Predovic, Jones and Cremin",16,Skirt - 29 Foot,42
209.44.106.146/17,6351,turpis elementum ligula vehicula,Rogahn Inc,22,"Nut - Pecan, Pieces",61
117.77.178.200/21,6351,vulputate nonummy maecenas,"Quigley, Kshlerin and Hermann",16,Water - Evian 355 Ml,93
200.119.58.174/3,8663,nisi volutpat eleifend donec ut,Donnelly-Lindgren,24,Oil - Avocado,95
151.186.239.11/22,5146,tempus sit amet sem,Ernser and Sons,40,"Arctic Char - Fresh, Whole",35
35.41.80.146/30,6425,libero convallis eget eleifend luctus,Wiegand LLC,19,Cheese - Gouda Smoked,63
214.186.88.39/13,8051,turpis nec euismod scelerisque,Kuphal-Jacobi,28,Jicama,69
250.223.84.34/2,9364,cras pellentesque volutpat,Volkman-Ernser,25,Beef - Texas Style Burger,90
33.79.25.241/28,5576,at dolor quis,"Toy, Robel and Stanton",21,"Juice - Tomato, 10 Oz",89
5.236.74.145/30,6169,amet eros suspendisse accumsan tortor,Pfeffer Group,17,Coffee - Decaffeinato Coffee,47
123.212.2.249/3,6720,eleifend donec ut dolor morbi,Wehner-Waters,29,Appetizer - Mango Chevre,55
195.3.59.18/11,9711,est risus auctor sed,"Labadie, Becker and Mann",38,Spice - Montreal Steak Spice,67
78.121.41.237/10,6019,aliquam sit amet diam,Jacobson-Kirlin,22,Cheese - Goat,77
68.109.23.230/4,5910,et tempus semper,"Bradtke, Emard and Halvorson",33,"Brocolinni - Gaylan, Chinese",41
224.228.162.233/1,8585,cursus urna ut tellus,Ullrich-Heidenreich,34,"Flour - Bran, Red",85
218.221.69.65/3,8153,at nulla suspendisse potenti,"Fadel, Okuneva and Howell",22,Bagel - Whole White Sesame,31
200.200.60.141/15,5928,purus sit amet,"Zulauf, Bosco and Treutel",37,"Soup - Knorr, Chicken Noodle",65
175.119.174.113/26,9127,tortor duis mattis,Cormier and Sons,28,"Olives - Black, Pitted",99
158.221.229.133/1,8964,fusce lacus purus,"Parker, Lesch and Bergstrom",20,Cakes Assorted,47
40.54.43.203/1,7396,donec diam neque vestibulum eget,Kunze LLC,30,Eggwhite Frozen,45
18.156.223.46/12,6907,ultrices libero non mattis pulvinar,"Labadie, Stark and Barrows",18,Soup - Campbells Chili Veg,34
201.126.203.119/30,5760,justo lacinia eget tincidunt,"Bergstrom, Kulas and Hackett",29,Lettuce - Escarole,35
248.37.141.46/31,6187,congue eget semper rutrum,Tromp-Walsh,15,Daves Island Stinger,52
99.115.133.4/20,5079,pellentesque viverra pede,"Paucek, Kreiger and Ankunding",19,"Cheese - Cheddar, Medium",90
188.218.174.250/25,8131,lacus at turpis donec,"Lueilwitz, Huel and Gaylord",23,Wine - Pinot Noir Pond Haddock,43
231.53.114.40/14,6271,nulla eget eros,Lindgren-Carroll,19,"Chocolate - Semi Sweet, Calets",76
144.143.133.77/10,8659,eleifend luctus ultricies,"Hand, Sawayn and Cummings",40,Pastry - Baked Scones - Mini,85
231.184.81.233/15,7650,consequat nulla nisl nunc nisl,Yundt and Sons,29,Juice - Apple 284ml,56
33.129.252.60/22,8707,maecenas pulvinar lobortis est,Bode-Weimann,34,"Nut - Pecan, Halves",86
98.114.141.229/21,7885,ultrices posuere cubilia curae,Mills and Sons,26,Vol Au Vents,79
235.155.244.26/9,7668,praesent id massa id,"Kohler, Wehner and Schinner",29,"Wine - White, Riesling, Semi - Dry",34
205.21.41.234/8,5327,eleifend quam a odio in,Purdy and Sons,25,Apple - Granny Smith,81
252.0.184.229/19,5617,felis sed lacus morbi sem,Cummings-Rohan,29,Carbonated Water - Peach,96
51.54.198.165/25,5938,orci luctus et ultrices,Blick-Mohr,12,Spice - Peppercorn Melange,89
139.87.102.215/21,8812,eget congue eget,Legros and Sons,13,Mushroom - Morel Frozen,42
3.178.15.229/19,6822,vestibulum ante ipsum,Williamson-Mitchell,12,Clam Nectar,88
252.121.122.41/16,8071,donec diam neque,Senger-Mann,21,"Salsify, Organic",93
201.168.175.57/8,5601,laoreet ut rhoncus aliquet,Beahan Group,29,Tea - Herbal I Love Lemon,39
57.183.114.221/9,6841,nulla sed vel enim,"Borer, Murazik and Mayert",17,Steel Wool S.o.s,52
84.216.106.85/2,8059,natoque penatibus et magnis dis,Mraz LLC,39,Glove - Cutting,80
68.132.118.62/25,5510,aliquet massa id lobortis,McDermott-Vandervort,19,Chinese Foods - Pepper Beef,78
213.18.143.28/6,6557,elementum eu interdum,Mertz Inc,21,Eggroll,78
169.12.209.13/4,8747,morbi non lectus,Quitzon-Yundt,30,Chocolate Eclairs,92
85.66.248.80/29,7392,tellus semper interdum mauris,Satterfield-Zemlak,32,"Bar Mix - Pina Colada, 355 Ml",30
88.152.148.79/5,8480,elementum pellentesque quisque porta volutpat,Ullrich Group,22,Wine - Chateau Timberlay,61
125.243.102.248/24,5061,turpis nec euismod scelerisque quam,"Brekke, Walsh and Tremblay",24,Drambuie,40
181.170.150.54/23,8378,rutrum neque aenean,Graham Inc,18,Water - San Pellegrino,76
199.108.160.100/7,8762,quisque ut erat curabitur,"Reinger, Borer and Lindgren",29,"Wine - Red, Cabernet Sauvignon",56
21.29.238.6/6,8130,praesent blandit nam nulla,Dare Inc,32,Beef - Ground Medium,82
26.146.76.23/12,8505,ut erat curabitur gravida,"Quitzon, Wilderman and Huel",23,Sour Cream,39
88.247.254.245/12,5415,tincidunt ante vel ipsum,Muller and Sons,35,Jameson Irish Whiskey,41
10.157.240.161/16,7868,mattis nibh ligula,Stroman-Douglas,22,Pop - Club Soda Can,58
138.255.101.203/31,8673,vestibulum ante ipsum primis in,Smitham-Kozey,37,Soup - Campbells Beef Noodle,57
191.186.167.34/1,7703,ultrices phasellus id sapien in,Konopelski Inc,31,Nectarines,95
78.12.61.201/15,7247,nunc proin at turpis a,Carroll-Herzog,18,Asparagus - Frozen,36
135.93.13.81/6,5067,ligula pellentesque ultrices,Orn Inc,19,Ocean Spray - Kiwi Strawberry,81
4.148.182.16/23,8740,cubilia curae donec pharetra magna,Koelpin-Smitham,17,Milk 2% 500 Ml,99
49.211.222.137/19,6140,blandit nam nulla,"Bogisich, Kohler and Schmitt",29,Appetizer - Sausage Rolls,85
229.189.28.64/7,8395,orci luctus et ultrices posuere,Koelpin-Shanahan,11,"Pasta - Penne, Rigate, Dry",61
31.226.80.111/14,6993,leo pellentesque ultrices,Upton Inc,27,Venison - Liver,66
115.76.238.166/15,5057,ut erat curabitur,Volkman Inc,33,Sour Puss Raspberry,81
137.179.249.51/24,6910,ante vestibulum ante ipsum primis,Bashirian and Sons,10,Spice - Montreal Steak Spice,47
128.59.16.42/19,7625,integer ac leo,McKenzie and Sons,38,Lamb Shoulder Boneless Nz,76
192.18.226.72/23,9689,non mattis pulvinar nulla,Lind LLC,16,"Pasta - Penne, Lisce, Dry",93
90.12.54.27/31,5186,a pede posuere nonummy,Thiel-Tillman,19,Island Oasis - Cappucino Mix,85
191.56.192.205/4,5590,ante ipsum primis in faucibus,"Wuckert, Trantow and Haag",16,Rice - 7 Grain Blend,47
193.191.94.184/12,9835,aliquam erat volutpat,"Will, Prosacco and Witting",21,Myers Planters Punch,100
148.44.81.59/6,5138,libero quis orci nullam,"Buckridge, McCullough and Kling",24,Food Colouring - Red,90
111.206.237.80/21,9835,quis odio consequat varius integer,Hills-Frami,16,Bandage - Flexible Neon,63
107.233.200.91/22,7132,ipsum praesent blandit lacinia,Wisozk Inc,23,Dawn Professionl Pot And Pan,31
34.10.51.166/28,6841,pulvinar sed nisl,"Zulauf, Schmitt and Volkman",16,Sauce - Vodka Blush,70
58.50.183.88/18,6256,hendrerit at vulputate vitae,Schowalter-Hudson,11,Wine - Beaujolais Villages,66
93.88.124.109/12,9054,non mauris morbi non,Boehm Inc,21,Brandy - Bar,52
151.50.111.236/16,9358,nulla sed vel enim,Corwin Inc,30,Wine - Cava Aria Estate Brut,79
187.22.48.214/31,5623,mauris lacinia sapien quis,Raynor-Gibson,32,Beef - Ox Tongue,45
85.17.58.154/29,7406,cras mi pede malesuada in,"Beahan, Hayes and Sauer",30,Wine - Ruffino Chianti,51
26.50.228.6/10,6019,sem praesent id massa,"Murray, Klocko and Jacobi",33,Turkey - Ground. Lean,38
115.41.151.196/14,6954,luctus et ultrices posuere,Wehner Inc,29,Potatoes - Idaho 80 Count,84
161.134.74.223/28,7160,tincidunt ante vel ipsum praesent,O'Kon-Hessel,16,Burger Veggie,43
171.139.96.180/13,7053,nisl aenean lectus pellentesque,Wiegand-Heller,27,"Yogurt - Raspberry, 175 Gr",70
246.134.195.56/12,5748,rhoncus aliquam lacus morbi quis,Ankunding and Sons,40,"Tortillas - Flour, 8",53
15.209.16.49/28,9802,platea dictumst morbi,Zboncak LLC,34,Spice - Montreal Steak Spice,75
251.176.183.152/2,5141,volutpat in congue etiam,Fadel-Heathcote,17,Wine - Ruffino Chianti Classico,47
219.17.183.178/18,6291,dolor vel est donec,Will Group,30,Hersey Shakes,81
87.121.60.33/10,8260,tortor sollicitudin mi,Cummerata-Pacocha,28,Cake - Night And Day Choclate,69
52.253.247.195/21,9550,ut erat curabitur,"King, Goldner and Torphy",19,Sausage - Chorizo,75
213.156.4.242/21,7414,convallis nulla neque libero,"Halvorson, Klein and Pouros",33,"Chocolate - Semi Sweet, Calets",78
174.2.195.206/7,9469,eu est congue,Walter Inc,30,Fond - Chocolate,54
78.42.167.20/17,8233,cras non velit nec,Bogisich Inc,17,Veal - Bones,62
85.170.215.31/31,6187,rutrum neque aenean auctor,"O'Hara, Wisozk and Kuphal",29,Gelatine Leaves - Envelopes,50
213.80.234.122/24,5628,consequat lectus in est,Schoen Inc,26,Sprouts - Baby Pea Tendrils,99
212.193.10.29/28,7332,vestibulum velit id pretium iaculis,"Streich, Gusikowski and Reinger",18,Cheese - Cheddar With Claret,86
168.94.61.235/9,9691,sit amet consectetuer,Durgan-Kemmer,22,Sauce - Oyster,69
242.251.27.182/30,7125,vestibulum eget vulputate,"Emard, Tillman and Schulist",36,Cheese - Wine,86
149.31.30.233/2,8493,vitae nisl aenean lectus,Kuhlman Group,38,Sauce - Demi Glace,83
74.58.10.212/19,5721,est et tempus,Kunde LLC,23,Wine - Barossa Valley Estate,60
193.97.65.149/13,9721,montes nascetur ridiculus,Batz Group,17,Duck - Legs,57
21.218.248.62/28,8743,sit amet justo,Williamson LLC,34,Cheese - Asiago,30
103.186.100.249/27,6243,quis lectus suspendisse potenti,Kreiger Inc,36,"Shrimp, Dried, Small / Lb",93
149.156.73.188/29,9603,vel dapibus at,Glover-Ledner,17,Sausage - Chorizo,55
12.239.108.139/21,6241,at feugiat non,"Raynor, MacGyver and Ullrich",11,Sterno - Chafing Dish Fuel,90
244.14.92.9/4,5387,tortor sollicitudin mi,"Huels, Feest and McClure",11,"Pork - Back, Short Cut, Boneless",67
42.99.45.224/10,5421,justo morbi ut odio cras,Jacobson-Donnelly,22,Smoked Tongue,49
78.224.48.38/3,6498,erat eros viverra eget congue,Homenick Group,40,Sausage - Chorizo,73
166.52.105.46/23,7845,massa id lobortis convallis,Fay and Sons,19,Tomato - Green,42
234.106.182.25/17,8528,luctus rutrum nulla tellus in,Koch-King,33,Soup Knorr Chili With Beans,43
22.135.172.19/23,8962,quis odio consequat,Rodriguez-Harris,15,Jerusalem Artichoke,61
40.69.22.169/17,6608,bibendum felis sed interdum venenatis,"Spinka, Cruickshank and Terry",16,Kohlrabi,88
229.172.253.96/4,5726,elit ac nulla sed,Swift-Haley,31,Mustard - Seed,39
231.38.122.104/3,7113,convallis eget eleifend luctus,Predovic and Sons,31,"Tart Shells - Sweet, 2",46
240.204.249.225/16,9542,natoque penatibus et magnis,O'Kon Inc,11,Fudge - Cream Fudge,98
230.27.247.149/21,7256,nascetur ridiculus mus etiam vel,Gerhold-Weber,19,Tea - Herbal Orange Spice,90
228.235.145.19/16,6024,vestibulum sagittis sapien,Rogahn Inc,14,Gloves - Goldtouch Disposable,63
37.181.74.208/31,8124,enim leo rhoncus sed,"Effertz, Macejkovic and Greenfelder",34,"Oil - Shortening,liqud, Fry",95
10.248.48.225/16,9824,tellus semper interdum mauris ullamcorper,"Shields, Jast and Buckridge",25,Soup - Campbells Chicken,70
80.152.183.212/28,7048,velit vivamus vel,Reinger Group,33,Ecolab - Medallion,59
82.2.217.160/21,9896,platea dictumst etiam faucibus,"Gleichner, Durgan and Wunsch",18,Eel Fresh,68
220.127.173.93/22,8499,adipiscing molestie hendrerit at vulputate,Nienow-Herzog,33,Soap - Hand Soap,39
104.119.189.143/4,6973,hendrerit at vulputate,Shields-McLaughlin,19,Basil - Pesto Sauce,76
54.126.132.114/10,9315,sapien arcu sed,"Schaefer, Walter and Hackett",27,Chips - Doritos,95
140.205.252.141/8,6422,ut tellus nulla,"Bartoletti, Flatley and Rice",11,Crackers Cheez It,46
109.28.116.131/2,8209,donec posuere metus,"Kohler, Bosco and Gutkowski",31,Everfresh Products,79
70.228.40.129/28,8750,in tempus sit amet sem,"Zboncak, Ziemann and Shields",35,Grapefruit - Pink,87
63.240.83.47/5,9503,rhoncus mauris enim,"Schimmel, Stamm and Runolfsdottir",37,Chicken - Soup Base,87
172.195.82.134/11,8218,odio porttitor id consequat in,"Ryan, Wisozk and Corwin",16,Mix - Cocktail Strawberry Daiquiri,49
65.86.149.75/11,7967,amet cursus id turpis integer,McGlynn Inc,28,Soup - Base Broth Beef,54
14.185.219.217/14,7243,dapibus duis at velit eu,Grant-Bashirian,14,Milkettes - 2%,50
58.130.191.48/31,9920,sapien placerat ante nulla,Miller Inc,32,Port - 74 Brights,33
84.179.150.61/24,6457,fusce posuere felis sed,Stamm LLC,13,"Pepper - Black, Ground",47
180.144.149.26/3,7371,leo rhoncus sed,Osinski-Murazik,10,Nectarines,35
189.81.183.151/22,6689,nec dui luctus rutrum nulla,Wiegand and Sons,11,Lettuce - Radicchio,82
171.168.158.236/11,7324,venenatis tristique fusce,Hamill-Schneider,37,"Cup - 3.5oz, Foam",44
54.203.145.82/20,7566,curabitur at ipsum ac,Walker Group,10,"Wine - Magnotta, Merlot Sr Vqa",42
207.117.125.61/17,8165,eleifend luctus ultricies eu,"Rice, Gleason and Glover",30,Radish - Pickled,86
176.113.73.198/17,6587,dapibus at diam,"Wilderman, Boehm and Schmeler",21,"Lemonade - Kiwi, 591 Ml",36
209.68.255.133/14,7400,vitae nisl aenean,Little-Barton,26,Dc - Frozen Momji,69
236.254.113.2/15,5038,nec dui luctus rutrum nulla,Franecki and Sons,21,Chocolate Bar - Reese Pieces,39
204.53.227.232/1,8740,nonummy integer non,"Moen, Larson and Gerhold",37,"Wine - Magnotta - Red, Baco",45
162.66.40.185/1,7208,adipiscing molestie hendrerit,Kris-Torphy,32,Cheese - Pied De Vents,36
69.221.141.157/8,5911,nunc proin at turpis a,Kling-Dietrich,37,Sprouts Dikon,56
140.10.115.165/3,9101,sollicitudin mi sit,Prosacco-Ritchie,28,Bacardi Breezer - Strawberry,38
23.113.42.153/12,8537,sit amet eleifend pede,Upton-O'Connell,12,Barley - Pearl,48
254.171.243.254/26,7059,proin eu mi nulla,"Bayer, Gulgowski and Konopelski",24,Beef - Tenderloin - Aa,48
56.233.70.159/29,6007,sed nisl nunc rhoncus dui,"Schoen, Ankunding and Armstrong",23,Oxtail - Cut,90
175.9.11.252/10,8898,augue vel accumsan tellus,Rice Inc,35,Cheese - Fontina,84
191.192.36.198/5,7968,curae mauris viverra diam vitae,Farrell-Marquardt,20,Tea - English Breakfast,76
240.99.157.8/31,5735,turpis a pede,Weissnat-Yundt,28,Squash - Acorn,91
193.91.141.22/11,9772,morbi sem mauris,Terry and Sons,17,Table Cloth 81x81 White,59
229.242.125.58/29,7403,ac nulla sed,Hessel-O'Kon,39,Cheese - Swiss Sliced,54
95.73.194.43/18,9253,egestas metus aenean,Crist-Dickens,36,Pastry - Chocolate Chip Muffin,70
184.138.49.103/15,5236,ullamcorper augue a suscipit,Cruickshank-Gutmann,10,Shiratamako - Rice Flour,69
152.150.157.177/8,5839,est risus auctor sed,"Pfannerstill, Watsica and Walter",10,Sour Cream,43
187.189.0.74/30,6303,pretium quis lectus suspendisse potenti,"Becker, Pouros and Pollich",16,Bread - Calabrese Baguette,56
42.158.46.86/26,8109,donec semper sapien a,"O'Hara, White and Schiller",30,"Beans - Navy, Dry",75
38.146.186.126/9,5410,ante vestibulum ante ipsum,Legros Inc,36,Sole - Iqf,95
215.127.24.28/19,7532,porttitor pede justo,Stoltenberg and Sons,28,Skirt - 29 Foot,66
194.216.14.96/19,8287,vestibulum sed magna at,Swift-Schiller,18,Scallops - Live In Shell,43
84.239.201.187/13,6377,odio condimentum id luctus nec,Harvey and Sons,34,"Soup - Campbells, Butternut",81
253.204.5.163/28,9581,lacinia nisi venenatis tristique,"Mante, Ankunding and Dooley",14,"Wine - Cahors Ac 2000, Clos",100
222.82.187.60/5,8784,aenean auctor gravida sem praesent,Mann Group,19,Cheese - Wine,44
50.172.255.128/7,6729,et ultrices posuere,Kuvalis Inc,17,Pasta - Agnolotti - Butternut,99
82.29.114.99/19,9854,quisque id justo sit amet,"Conroy, Brakus and Ruecker",23,Eel - Smoked,55
239.2.211.227/7,6831,nisi eu orci,Kuhic Group,23,Nutmeg - Ground,68
178.197.97.106/12,6615,sed sagittis nam congue,"Emmerich, Jones and Oberbrunner",15,Sproutsmustard Cress,32
177.63.201.94/20,6955,pharetra magna ac consequat,Herman-Price,23,Beef - Rib Eye Aaa,34
245.177.249.250/2,6118,quisque erat eros viverra eget,"Hamill, O'Hara and Powlowski",28,Five Alive Citrus,96
135.226.16.111/14,9916,nullam sit amet turpis,Schultz Inc,39,Lambcasing,35
100.108.139.30/31,6563,nisl venenatis lacinia aenean sit,Glover-Kessler,11,"Thyme - Lemon, Fresh",55
73.115.33.59/11,9866,elementum nullam varius,"Huels, Crist and Pfeffer",10,Jolt Cola,45
183.128.204.210/31,7127,convallis nulla neque libero,"Grady, Boehm and Mayer",13,"Pepsi, 355 Ml",98
28.90.147.30/19,5543,in eleifend quam a,Hirthe LLC,29,Cumin - Ground,98
175.18.4.5/4,6181,amet diam in magna bibendum,Satterfield-Hyatt,21,Milk - 2%,98
185.106.179.199/26,8765,risus dapibus augue,"Beier, Mayert and Yost",25,Crab Meat Claw Pasteurise,89
36.88.54.236/9,8504,feugiat non pretium quis,Trantow LLC,21,Crab - Meat Combo,90
22.31.86.181/18,6917,eu nibh quisque,"Berge, Medhurst and Boehm",26,"Wine - Red, Harrow Estates, Cab",34
6.158.221.195/28,7119,ut suscipit a feugiat et,"Dooley, Toy and Sporer",28,Hersey Shakes,49
83.224.174.202/23,6681,in porttitor pede,Kassulke-Renner,11,Sobe - Cranberry Grapefruit,48
45.189.175.180/18,7299,in libero ut massa volutpat,Rolfson-McKenzie,31,Tart - Butter Plain Squares,42
101.252.57.228/27,5276,at diam nam tristique tortor,"Abshire, Durgan and Boehm",14,Uniform Linen Charge,48
204.244.187.51/23,7243,vitae ipsum aliquam non mauris,Larkin-Auer,39,Cheese - Cheddarsliced,59
37.20.171.231/15,7639,purus aliquet at,"Lind, Beahan and King",36,"Lamb - Whole Head Off,nz",92
62.227.184.239/20,9772,nec euismod scelerisque,Ebert-Rohan,33,Veal - Leg,95
102.41.66.226/1,7236,ante nulla justo aliquam,Wolf-Rath,31,"Champagne - Brights, Dry",48
14.20.32.68/14,8368,erat fermentum justo,"Wiza, Bernhard and Hilpert",40,Tahini Paste,68
14.240.61.62/14,9974,ut volutpat sapien arcu,Emmerich-Stokes,35,Cheese - Taleggio D.o.p.,65
41.172.185.57/22,6268,amet sapien dignissim vestibulum vestibulum,"Treutel, Wehner and Doyle",10,Oil - Cooking Spray,87
45.174.34.46/24,9015,duis faucibus accumsan odio curabitur,Cole-White,28,"Beans - Black Bean, Dry",43
74.116.119.218/16,7347,id lobortis convallis tortor,Jerde-Senger,33,Cheese - Montery Jack,82
138.150.26.176/2,5945,a libero nam dui proin,Ebert-Reichert,27,Coffee - Egg Nog Capuccino,67
167.205.244.46/23,7189,leo rhoncus sed vestibulum sit,"Barton, Torp and Dickinson",20,Nacho Chips,81
202.165.3.95/28,6307,nam ultrices libero non mattis,Kiehn-Wisozk,31,Lid - 3oz Med Rec,94
190.201.232.87/24,9053,cum sociis natoque penatibus et,Farrell Group,39,"Beans - Fava, Canned",52
142.143.29.24/3,6773,consequat nulla nisl,Abshire-Marvin,28,Beef - Short Ribs,85
101.162.114.1/30,9877,vestibulum velit id,"Welch, Shields and Hansen",26,Wine - Prem Select Charddonany,50
97.213.152.127/13,8493,iaculis justo in,Gibson-Volkman,25,"Lettuce - Mini Greens, Whole",100
89.209.74.236/26,9680,lectus suspendisse potenti,Legros Group,27,Foil - Round Foil,65
103.5.246.241/14,9509,odio cras mi pede,West and Sons,23,"Veal - Shank, Pieces",70
190.164.58.211/14,8633,id ligula suspendisse ornare,Cremin and Sons,18,Soup - Base Broth Beef,87
255.139.58.151/16,8579,vehicula consequat morbi a,Rowe LLC,33,Saskatoon Berries - Frozen,91
13.77.128.210/15,6394,diam vitae quam suspendisse potenti,"Connelly, Rohan and McGlynn",36,Pepper - Scotch Bonnet,60
12.114.112.172/21,5624,venenatis non sodales sed tincidunt,Dietrich Inc,38,Appetizer - Crab And Brie,98
99.241.233.205/1,7325,nisl duis ac nibh,Friesen-Bergstrom,35,"Soup - French Onion, Dry",73
182.13.80.237/28,5650,turpis sed ante vivamus,Paucek-Reinger,25,Flour - So Mix Cake White,70
178.75.21.76/1,8900,iaculis justo in,Abbott Inc,17,Tea - Honey Green Tea,75
236.12.197.185/31,5374,eu magna vulputate luctus cum,"Harris, Bashirian and Ruecker",16,"Turkey - Breast, Smoked",92
88.149.29.66/12,8837,leo odio porttitor,Rutherford-Walker,36,V8 Pet,79
239.254.63.34/31,8109,ultrices libero non mattis pulvinar,Monahan-Bode,30,Jello - Assorted,80
31.218.225.44/18,6844,eu felis fusce posuere,Kozey-Pollich,21,"Olives - Black, Pitted",57
145.15.62.33/14,8356,sagittis sapien cum,Ondricka-O'Connell,38,Bread - Italian Sesame Poly,45
22.31.165.126/14,7607,quam fringilla rhoncus mauris enim,Hackett LLC,27,Isomalt,46
116.172.49.77/4,9938,varius integer ac leo pellentesque,Ziemann-Klocko,38,Pork Loin Cutlets,69
116.37.129.238/1,7678,integer tincidunt ante vel,O'Reilly-Durgan,23,Ecolab - Medallion,35
203.250.35.166/16,8503,dictumst maecenas ut,Bosco Inc,13,Appetizer - Crab And Brie,88
133.236.223.29/24,5195,dui proin leo odio porttitor,"Konopelski, Bahringer and Abbott",11,Blouse / Shirt / Sweater,89
80.82.219.222/29,7451,vulputate nonummy maecenas tincidunt,"Terry, Gerhold and Kohler",30,Graham Cracker Mix,31
23.47.32.122/30,8880,vel accumsan tellus nisi,"Lebsack, Greenholt and Hayes",28,Rye Special Old,96
146.249.225.225/2,7851,ultrices enim lorem ipsum dolor,Greenholt-Moore,19,"Juice - Apple, 500 Ml",58
10.169.70.189/14,9675,nibh in lectus,"Schaefer, Mraz and Breitenberg",19,Chutney Sauce - Mango,37
142.216.64.120/27,6609,ipsum primis in,"Gutmann, Kautzer and Collins",31,Muffin Mix - Chocolate Chip,50
25.89.193.73/24,7467,tellus nulla ut erat id,"Grimes, Balistreri and Rosenbaum",18,"Syrup - Monin, Swiss Choclate",84
176.33.175.59/6,5143,sit amet erat nulla tempus,Rodriguez LLC,11,Raspberries - Frozen,70
177.192.61.148/14,9087,tortor duis mattis egestas metus,Legros-Quitzon,11,Nori Sea Weed,85
167.206.124.49/4,6339,vel est donec odio justo,"D'Amore, Rice and Koelpin",29,Table Cloth 53x69 White,57
33.78.97.63/31,6151,magna vestibulum aliquet ultrices,Dooley LLC,27,Molasses - Fancy,81
4.11.41.155/19,9044,dictumst morbi vestibulum velit id,Kub-Will,14,"Pepper - Julienne, Frozen",68
92.164.28.190/26,8588,pretium quis lectus,Lebsack Inc,17,Veal - Liver,98
77.74.112.5/26,7377,ridiculus mus vivamus vestibulum,Bergnaum-Simonis,15,Sweet Pea Sprouts,58
172.102.226.154/22,6102,dui proin leo odio porttitor,"Pacocha, Goodwin and Kertzmann",30,Pork - Shoulder,95
93.58.117.96/29,5635,at feugiat non,Anderson Group,35,Arizona - Plum Green Tea,31
13.231.142.16/16,6330,et ultrices posuere cubilia,Hammes-Marks,15,Cabbage - Red,49
125.211.83.122/12,9848,quis justo maecenas rhoncus aliquam,"Daugherty, Satterfield and Runolfsdottir",29,Meldea Green Tea Liquor,89
35.105.229.9/30,5557,odio in hac habitasse platea,"Hand, Stroman and Dicki",21,Muffin - Banana Nut Individual,48
28.116.57.54/26,9966,turpis enim blandit,West-Gaylord,32,Wine - Sawmill Creek Autumn,68
123.62.54.238/23,8325,consequat nulla nisl,Halvorson-Leuschke,34,Island Oasis - Banana Daiquiri,47
73.15.208.241/15,8370,sapien sapien non,Wyman-Predovic,23,Muffin Batt - Choc Chk,68
35.240.68.150/30,6565,sed magna at nunc,Marvin and Sons,36,Gooseberry,96
16.214.131.159/18,8018,arcu adipiscing molestie hendrerit,Erdman and Sons,30,Pears - Fiorelle,62
59.235.241.18/26,5330,tellus in sagittis,Effertz-Reynolds,31,"Yogurt - Strawberry, 175 Gr",36
68.15.255.207/24,8564,nulla eget eros elementum,"Orn, Boyer and Kuphal",34,Lamb Tenderloin Nz Fr,48
225.229.190.12/16,7557,in magna bibendum imperdiet nullam,"Lubowitz, D'Amore and Langosh",19,Bread - Raisin Walnut Pull,34
97.202.127.163/23,7222,mi integer ac neque duis,"Pouros, Wuckert and O'Hara",25,Numi - Assorted Teas,88
7.201.169.142/3,9403,vivamus in felis eu sapien,Nikolaus-Berge,26,Glaze - Apricot,95
187.38.239.214/21,8618,tristique tortor eu pede,"Weissnat, Boyer and Hirthe",36,Oysters - Smoked,67
155.58.52.218/25,6377,nibh in hac,O'Kon-Gleason,18,Kellogs Special K Cereal,58
93.216.249.39/4,7941,purus sit amet nulla quisque,Volkman Group,35,Veal - Loin,59
251.72.51.174/12,9710,orci nullam molestie nibh,Bayer-Murray,26,Ecolab - Lime - A - Way 4/4 L,55
166.178.246.56/22,9956,lorem ipsum dolor sit amet,Borer-Zulauf,20,Spinach - Baby,36
122.176.186.12/2,5002,viverra pede ac diam cras,Heidenreich and Sons,14,Truffle Paste,39
78.241.238.117/28,9675,amet erat nulla tempus,Cassin LLC,13,Salt - Seasoned,97
31.122.128.120/26,7724,vivamus in felis eu sapien,Berge-Carroll,17,Wine - Semi Dry Riesling Vineland,61
169.102.94.112/12,9250,quam turpis adipiscing lorem vitae,Yundt Group,11,Lemon Balm - Fresh,30
154.76.171.6/19,6839,id lobortis convallis,Kirlin LLC,13,Chicken - White Meat With Tender,88
180.39.118.68/29,8232,ultrices phasellus id sapien in,"Ernser, Rowe and Carroll",29,Bamboo Shoots - Sliced,46
66.181.104.177/31,7212,id justo sit amet,Halvorson-Pfeffer,38,Mushrooms - Honey,51
174.200.190.209/7,6769,vel nisl duis,"Waelchi, Swift and Herzog",13,Lid Tray - 12in Dome,62
10.2.116.100/19,8050,porta volutpat quam pede lobortis,"Simonis, Flatley and Torp",39,Ecolab - Hobart Washarm End Cap,52
88.157.202.252/5,5524,blandit lacinia erat vestibulum,Mohr LLC,21,Ecolab - Hobart Washarm End Cap,34
193.86.231.34/12,8434,lectus suspendisse potenti,"Lubowitz, Leuschke and O'Conner",31,Lychee,81
167.123.135.233/7,9723,sem praesent id massa id,Price-Olson,35,"Cheese - Cheddar, Medium",80
201.107.51.129/4,9563,metus arcu adipiscing molestie,"Daniel, Conn and Ryan",32,"Jam - Raspberry,jar",54
179.214.78.67/21,5287,eget orci vehicula,"Conn, Kohler and Dickinson",33,Dill Weed - Dry,93
137.194.151.27/8,8544,eros suspendisse accumsan tortor quis,Fisher-Huels,34,Soup - Campbells Tomato Ravioli,97
198.157.184.70/29,6411,sed tristique in,"Goldner, Hahn and Blanda",27,"Sauce - White, Mix",69
35.245.44.140/6,5431,suscipit a feugiat,Waters-Wisozk,29,"Mushroom - Chantrelle, Fresh",86
124.228.164.244/5,6336,eu massa donec dapibus duis,Morar Group,13,Sobe - Berry Energy,81
230.26.158.4/11,9623,ut tellus nulla,Zemlak and Sons,38,"Brocolinni - Gaylan, Chinese",96
161.248.175.129/4,9107,nulla elit ac nulla sed,Stroman-Hagenes,16,Sour Puss Sour Apple,37
230.118.235.170/23,9383,ante vel ipsum praesent,Nader Inc,34,Beef - Rib Eye Aaa,70
193.89.33.213/21,5919,curabitur convallis duis consequat,"Herzog, Pfannerstill and Kshlerin",10,Cheese - Ermite Bleu,67
21.79.102.127/13,5565,libero rutrum ac lobortis,"Kozey, Zieme and Blanda",15,Capers - Pickled,40
35.57.254.15/27,5419,orci vehicula condimentum curabitur,Christiansen Group,17,"Apple - Delicious, Red",57
110.85.203.150/13,6775,sapien arcu sed augue aliquam,Kunde LLC,34,Kellogs All Bran Bars,54
55.98.82.34/25,9496,dapibus augue vel accumsan,Ledner Inc,23,Clams - Bay,55
185.225.96.133/7,7995,consectetuer adipiscing elit proin,Olson-Sanford,18,Hand Towel,69
185.231.2.112/21,5783,aliquam erat volutpat,"Ferry, Reichel and O'Keefe",21,Wine - Pinot Noir Stoneleigh,52
58.226.38.248/29,5152,magna bibendum imperdiet nullam,"Turner, Nitzsche and Zulauf",36,Lamb - Shanks,55
158.78.12.153/12,6871,odio cras mi pede,Armstrong Group,25,Potatoes - Idaho 100 Count,42
250.121.184.144/2,7391,ipsum primis in,Senger-Christiansen,18,Grapes - Black,64
101.210.242.251/16,9526,nisi volutpat eleifend donec ut,Erdman-Lehner,28,Longos - Assorted Sandwich,48
173.34.6.54/15,7166,consectetuer adipiscing elit,Boyer and Sons,38,Tomatoes - Roma,68
33.52.52.166/28,5000,eget eleifend luctus,Ritchie-Dibbert,24,"Sugar - Sweet N Low, Individual",82
219.69.190.69/29,8086,venenatis non sodales sed,Jaskolski-Kozey,36,Coffee - Egg Nog Capuccino,81
252.164.41.125/23,9768,nulla ut erat,Sawayn-Paucek,21,Kellogs Special K Cereal,87
204.175.7.55/29,9950,consectetuer adipiscing elit proin interdum,"Leannon, Rutherford and Windler",33,Pumpkin - Seed,77
86.197.176.230/24,5828,luctus ultricies eu,Armstrong-Nolan,14,"Tuna - Canned, Flaked, Light",59
188.31.56.63/11,7217,ut ultrices vel augue,"O'Hara, Jones and Steuber",21,"Turkey - Breast, Smoked",49
118.111.130.92/21,8970,sed ante vivamus tortor,Fisher-Stiedemann,40,Bread - Sour Batard,94
66.191.5.10/10,5038,quam sapien varius,Medhurst Group,32,Huck Towels White,48
234.236.155.21/26,8200,maecenas tincidunt lacus at velit,Becker-Buckridge,25,Beef - Shank,66
79.1.15.186/31,6918,et eros vestibulum ac est,"Metz, Lynch and Zulauf",35,Cheese - Le Cru Du Clocher,43
90.252.89.186/24,9526,ipsum primis in,Murphy Group,30,Chicken - Bones,86
212.110.17.215/12,9435,porttitor pede justo eu massa,Renner-Rath,34,Sole - Iqf,82
63.22.239.87/5,6911,eros vestibulum ac est lacinia,"Howe, Willms and Aufderhar",32,Guava,81
68.221.247.59/24,6567,eu sapien cursus vestibulum,"Jacobs, Thiel and Gerhold",10,Pears - Fiorelle,51
125.15.175.168/6,8127,convallis nulla neque libero convallis,Gottlieb LLC,16,Tequila Rose Cream Liquor,73
86.7.238.244/4,9534,pede ac diam cras,"Champlin, Abshire and Roob",37,Drambuie,55
3.173.128.218/12,8970,quam sapien varius ut,Waelchi-Cole,39,Pea - Snow,77
8.195.223.130/1,5761,curabitur gravida nisi at nibh,Gutkowski and Sons,10,Cookies - Englishbay Chochip,49
5.127.91.190/26,5689,eu est congue elementum,Fadel-Cole,17,Chickensplit Half,90
246.131.32.124/4,9822,pulvinar sed nisl nunc,Barton-Hane,37,"Butter - Salted, Micro",92
27.152.129.52/4,6399,consequat metus sapien ut nunc,Wilkinson Group,16,Chicken - Whole,47
56.61.209.150/23,8880,integer tincidunt ante,Hayes LLC,24,Crab Meat Claw Pasteurise,56
249.116.165.179/17,5799,at turpis donec posuere metus,"Runolfsdottir, Jakubowski and Waters",14,Bread - Italian Corn Meal Poly,96
229.132.120.0/9,8299,ipsum praesent blandit lacinia erat,"Nader, Macejkovic and Blanda",35,"Lemonade - Kiwi, 591 Ml",63
76.155.142.80/30,7079,in faucibus orci luctus et,Bayer and Sons,25,Tea - Grapefruit Green Tea,37
220.69.136.200/15,7705,est quam pharetra magna ac,Jerde-Bradtke,37,Lamb Shoulder Boneless Nz,60
107.64.133.198/23,5518,turpis donec posuere metus vitae,Gulgowski-Schuster,26,Nantucket - 518ml,42
87.243.53.10/30,8888,consequat in consequat ut,"Bailey, Mayer and Nolan",20,Juice - Apple Cider,87
205.148.0.226/15,7901,at nibh in hac habitasse,Rohan-Metz,34,Kolrabi,32
236.176.175.95/28,6833,ante ipsum primis in,Daniel-Kozey,37,Crush - Cream Soda,45
36.92.2.80/11,8116,pretium quis lectus suspendisse,"Walter, Schowalter and McGlynn",34,Bread - Bistro Sour,42
173.131.210.141/2,6250,tristique fusce congue,Luettgen-Corwin,18,Sauce - Hollandaise,89
232.44.166.231/20,5957,tincidunt eget tempus,Kilback-Wisoky,23,Pork - Smoked Back Bacon,99
221.140.126.28/30,6051,diam nam tristique tortor eu,Denesik Inc,40,Loquat,85
253.181.152.45/26,7063,suscipit ligula in lacus curabitur,Brekke-Bauch,37,Maintenance Removal Charge,74
74.19.111.213/13,8349,fermentum justo nec condimentum neque,"Skiles, Kuvalis and Wilderman",15,Lettuce - Green Leaf,67
111.32.53.106/28,8809,quam fringilla rhoncus mauris enim,Mueller-Kohler,13,Lettuce - Frisee,43
227.202.106.80/28,9423,ligula sit amet,Denesik-O'Conner,24,"Cake Circle, Foil, Scallop",33
50.176.58.75/21,7713,aliquam erat volutpat in,"Wisoky, Auer and West",12,"Pepper - Julienne, Frozen",85
158.37.244.244/4,9429,tempor turpis nec,Mayer Inc,16,Cloves - Ground,51
107.212.212.190/11,9436,ut nunc vestibulum ante ipsum,"Muller, Bahringer and Denesik",19,Cake - Cake Sheet Macaroon,50
33.155.204.142/28,9888,varius ut blandit non interdum,Cronin Group,30,Milk 2% 500 Ml,91
202.38.86.103/9,8809,vivamus tortor duis mattis,Klein Group,29,"Pork - Back, Long Cut, Boneless",33
36.195.43.145/18,5443,elit proin interdum mauris,D'Amore LLC,40,Wine - Shiraz Wolf Blass Premium,46
134.68.167.231/18,7376,ut suscipit a,Zemlak-O'Conner,11,Chef Hat 20cm,94
10.51.66.193/23,6538,turpis enim blandit mi,"Altenwerth, Schuppe and Becker",36,"Lamb - Whole, Fresh",87
245.13.240.190/6,7285,congue diam id,"McKenzie, Crooks and Mann",10,Kirsch - Schloss,61
136.214.70.188/29,7392,dignissim vestibulum vestibulum,Hudson and Sons,30,"Split Peas - Yellow, Dry",92
27.65.158.225/3,8634,mattis nibh ligula nec,Trantow-Corwin,36,Mayonnaise - Individual Pkg,90
100.51.241.33/13,8490,parturient montes nascetur,Wolf-D'Amore,22,Scallops - In Shell,86
192.165.10.83/7,9382,sit amet consectetuer adipiscing elit,Pollich-Willms,19,Chickensplit Half,64
243.128.136.157/12,6511,lobortis vel dapibus at,Gibson-O'Conner,22,Carbonated Water - White Grape,49
137.20.65.172/8,7439,primis in faucibus orci,Haley-Mohr,38,Wine - Black Tower Qr,56
238.233.221.189/11,5093,morbi a ipsum integer a,Ratke-Ernser,20,Cauliflower,57
239.247.19.187/11,7629,porttitor id consequat in,Gerlach Group,15,Mace Ground,92
255.132.28.68/12,8025,turpis eget elit sodales scelerisque,"Pacocha, Hammes and Bradtke",30,"Appetizer - Spring Roll, Veg",90
65.80.115.144/19,9934,duis mattis egestas metus aenean,Stehr-Stoltenberg,31,Veal - Inside,54
32.98.85.33/22,7196,ipsum praesent blandit lacinia erat,"Upton, Hickle and Koepp",37,Chocolate Bar - Smarties,61
62.47.214.228/27,8697,elit sodales scelerisque mauris sit,Koch and Sons,31,Water - Spring 1.5lit,45
236.100.36.99/22,5044,dis parturient montes nascetur ridiculus,"Morar, Balistreri and Parisian",31,Fruit Mix - Light,69
138.197.63.132/20,7810,sed magna at nunc commodo,Ward-Fisher,26,"Ecolab - Orange Frc, Cleaner",50
189.175.56.222/2,6271,montes nascetur ridiculus mus,Dooley LLC,15,Cookie Double Choco,65
160.68.175.28/26,7057,varius nulla facilisi cras,Wiegand LLC,38,Wine - Casablanca Valley,32
38.150.19.113/2,5771,justo eu massa donec,Pouros LLC,24,Brandy Cherry - Mcguinness,57
207.89.140.235/5,7342,lorem integer tincidunt,"Wolff, Schaefer and Carter",38,Rambutan,42
97.125.189.223/3,6353,aliquet maecenas leo,Corkery and Sons,19,Juice - Lagoon Mango,50
90.222.96.50/29,9477,vestibulum ante ipsum primis in,"Fritsch, Deckow and Sawayn",13,Chips - Assorted,55
131.220.146.135/6,8199,proin interdum mauris non,Heller LLC,29,Beef - Flank Steak,57
15.37.249.203/15,8560,posuere cubilia curae,Anderson Group,39,Container - Clear 32 Oz,81
184.237.75.136/8,5304,mi in porttitor pede justo,"Marvin, Schmeler and Purdy",26,Sausage - Blood Pudding,74
224.18.105.35/21,8108,vel enim sit amet nunc,"Denesik, Feeney and Carter",22,Bagel - Everything,52
106.58.12.121/8,9793,sit amet consectetuer,"Dooley, Torphy and Beahan",24,Garlic Powder,70
25.76.104.211/23,5584,a odio in hac habitasse,Thompson-Metz,31,Loquat,89
34.253.218.214/13,8509,eget elit sodales scelerisque mauris,Corkery-Blick,25,"Juice - Pineapple, 48 Oz",71
153.36.183.94/1,6459,duis at velit,Bernhard-Watsica,23,Tomato Paste,69
119.164.45.200/13,5567,duis bibendum morbi non,Jast-Collier,30,Lemon Balm - Fresh,70
114.20.122.180/22,6999,ante ipsum primis,Rolfson and Sons,28,Squash - Pepper,66
215.187.137.39/26,5909,in lectus pellentesque at,"Jenkins, Hickle and Thompson",33,"Nut - Walnut, Pieces",44
73.170.106.76/21,5301,sed accumsan felis,Casper-Stroman,11,Tumeric,79
60.103.74.32/8,7266,elit ac nulla sed vel,Weissnat Inc,39,Juice - Prune,35
182.21.251.169/19,7798,turpis a pede,Fadel-Renner,24,Schnappes Peppermint - Walker,55
107.199.56.142/31,7705,tempus vel pede morbi porttitor,Smith Inc,24,"Mushroom - Morels, Dry",31
101.98.17.122/11,8846,vestibulum rutrum rutrum,"Gibson, Boyle and Abbott",21,Beef - Texas Style Burger,53
71.75.118.45/24,8065,sit amet justo,Tillman Group,25,"Pasta - Cannelloni, Sheets, Fresh",94
59.9.228.65/21,7231,metus vitae ipsum,"Parker, Hartmann and Schulist",24,Melon - Honey Dew,81
157.88.110.48/25,7435,in ante vestibulum ante,Moore Inc,40,Sausage - Andouille,92
137.63.99.42/17,9197,tempus sit amet sem,Abshire-Dicki,31,Glass Clear 8 Oz,47
109.168.186.163/6,8363,morbi ut odio cras,"Stroman, Hahn and Gottlieb",10,"Fish - Soup Base, Bouillon",90
252.113.156.156/3,8393,mollis molestie lorem quisque ut,Reichel and Sons,17,Cheese - Gorgonzola,86
204.34.54.228/26,8377,lorem ipsum dolor sit amet,"Emard, Fritsch and Adams",11,Urban Zen Drinks,41
22.129.229.75/10,9668,vel augue vestibulum ante ipsum,Cruickshank LLC,32,Cut Wakame - Hanawakaba,96
41.232.169.129/31,6703,ante ipsum primis,O'Keefe-Moen,36,Squash - Guords,45
73.72.89.248/30,7019,donec odio justo sollicitudin,Wisoky LLC,25,Wine - German Riesling,64
23.14.171.145/13,9289,condimentum id luctus nec,"Wintheiser, Grant and MacGyver",24,Nut - Macadamia,81
68.134.69.233/27,7049,id justo sit amet sapien,"Conn, Lind and Gaylord",16,"Bread - Pumpernickle, Rounds",50
18.102.100.25/19,5052,est congue elementum in hac,Littel Group,38,Vodka - Moskovskaya,83
199.71.213.117/12,6653,velit id pretium iaculis diam,"Muller, Weimann and Doyle",40,Sprouts - Baby Pea Tendrils,62
225.253.206.15/12,8508,nulla ut erat id mauris,"Towne, Hyatt and Zieme",15,Longos - Grilled Veg Sandwiches,69
207.220.201.234/24,5672,ligula nec sem duis aliquam,Kshlerin-Bernier,17,"Wine - Niagara,vqa Reisling",67
22.139.79.230/5,8176,viverra pede ac diam,"Bode, Stokes and Luettgen",38,"Crush - Orange, 355ml",97
64.41.108.131/24,5513,sit amet nunc viverra,"Ward, Streich and Parker",11,Veal - Nuckle,64
15.206.51.202/17,9419,tristique est et tempus,Effertz and Sons,28,Soap - Hand Soap,67
100.12.46.207/9,5563,nulla ultrices aliquet maecenas,Kub Group,24,Sobe - Cranberry Grapefruit,75
108.67.63.237/26,7031,nulla justo aliquam quis,"Satterfield, Osinski and Lakin",19,Cilantro / Coriander - Fresh,100
171.80.152.248/25,8366,a ipsum integer a,O'Reilly Inc,33,"Lamb - Whole, Frozen",36
2.253.167.12/10,5623,suspendisse potenti in eleifend,"Emmerich, D'Amore and Jaskolski",10,Ice Cream Bar - Oreo Sandwich,53
203.96.215.185/27,8190,eget eleifend luctus ultricies,Thompson Group,26,Tea - Earl Grey,36
244.160.122.75/4,9222,sagittis sapien cum sociis natoque,Predovic-Lind,32,Containter - 3oz Microwave Rect.,34
53.254.127.47/14,7776,et tempus semper est quam,Ratke Group,30,Bread Cranberry Foccacia,51
35.212.215.67/31,5215,molestie sed justo pellentesque,"Bergnaum, O'Reilly and Lang",15,Wine - Fat Bastard Merlot,92
58.89.54.240/28,7244,vestibulum ante ipsum,"Kessler, Rau and Gibson",21,Wine - Sake,39
84.86.200.162/24,5247,quis justo maecenas rhoncus aliquam,"Ernser, Lehner and Hand",27,"Lobster - Baby, Boiled",74
154.141.114.170/23,7005,quisque id justo,Rutherford Inc,30,Ecolab Digiclean Mild Fm,37
72.197.27.22/15,7917,quis orci eget,Douglas and Sons,32,Beer - Original Organic Lager,82
60.49.165.68/10,8162,pretium iaculis diam,"Thompson, Hettinger and Dare",29,The Pop Shoppe - Root Beer,86
162.183.76.15/20,6020,ante nulla justo aliquam,Zemlak and Sons,10,Spaghetti Squash,96
89.159.214.218/5,5430,odio condimentum id luctus,Schmitt LLC,19,Water - Evian 355 Ml,37
75.78.180.208/31,7534,volutpat in congue etiam,"Kerluke, Abbott and King",22,Yucca,33
125.200.188.123/5,7317,ultrices libero non mattis,"O'Conner, Robel and Hyatt",29,Haggis,42
92.28.182.43/23,6838,at turpis donec posuere metus,Collier-Rice,37,Fiddlehead - Frozen,43
45.88.96.42/8,7551,in leo maecenas,"Konopelski, Hessel and Skiles",32,Tuna - Fresh,95
208.132.205.112/30,6386,sit amet sapien dignissim vestibulum,Osinski-Schmitt,30,Tea - Vanilla Chai,75
25.138.144.30/9,7099,vel augue vestibulum ante ipsum,Zemlak-Toy,26,"Wine - Red, Mouton Cadet",97
140.227.176.235/31,6888,mauris ullamcorper purus sit,"Friesen, Collins and Prohaska",40,Pastry - Cheese Baked Scones,48
124.81.68.77/1,9907,quisque arcu libero,"Romaguera, Krajcik and Cummerata",31,"Sole - Dover, Whole, Fresh",74
68.80.28.49/17,7980,felis sed lacus morbi,"Renner, Trantow and Jones",34,Lettuce - Curly Endive,77
43.6.51.4/31,8434,vulputate luctus cum sociis,Corkery LLC,29,Energy Drink - Franks Pineapple,99
239.3.101.212/31,5203,ut volutpat sapien arcu,"Hoppe, Zemlak and Konopelski",32,"Bread - Crumbs, Bulk",84
67.204.118.100/3,6997,orci mauris lacinia sapien,Blick and Sons,25,Goat - Whole Cut,87
51.15.95.217/31,7206,maecenas tincidunt lacus at velit,"Carroll, Wuckert and Bartoletti",14,Pepper - Gypsy Pepper,78
243.244.139.251/24,8136,at ipsum ac tellus semper,Moen-Wyman,31,Crush - Cream Soda,87
232.77.84.113/7,8855,et ultrices posuere,Kessler-McDermott,22,Alize Sunset,85
146.151.183.208/31,9051,fusce lacus purus aliquet at,Waelchi Inc,11,Grapes - Red,93
14.47.242.13/10,6971,id turpis integer,"Homenick, Wisoky and Mueller",17,Salt - Table,47
183.235.159.15/3,6666,etiam pretium iaculis,Ryan-Conn,28,Parsley - Dried,74
196.75.157.232/15,5031,pede lobortis ligula sit amet,"Funk, Roob and Larkin",20,Lamb - Shoulder,58
11.136.208.25/2,5902,integer non velit,"O'Kon, Schamberger and Bruen",14,Eggplant - Asian,33
235.241.140.161/16,5208,varius integer ac leo,"Heidenreich, Morar and Cronin",19,"Brocolinni - Gaylan, Chinese",80
184.151.115.73/25,7578,pulvinar nulla pede,McClure-Auer,12,Ecolab - Solid Fusion,96
50.150.151.11/26,7294,donec ut mauris eget massa,Gibson-Gulgowski,14,Lid Coffee Cup 8oz Blk,57
208.130.79.188/3,8537,nunc commodo placerat,"Fadel, Tremblay and Abernathy",28,"Schnappes - Peach, Walkers",32
217.50.43.13/5,9263,mi nulla ac enim,Harris-Johnston,27,Sauce - Alfredo,70
53.103.103.51/15,8032,libero quis orci nullam,"Jast, Fahey and Roob",19,Sauce - Chili,98
218.218.164.95/13,9330,a pede posuere nonummy,Price-Mante,18,Veal - Provimi Inside,87
111.144.43.115/31,5470,consequat lectus in est risus,Cartwright and Sons,17,Lambcasing,72
5.33.69.242/8,8616,pellentesque ultrices mattis odio,"Ullrich, Kautzer and Kassulke",37,Compound - Raspberry,54
206.161.78.39/18,5598,sed tincidunt eu felis fusce,Runte Inc,37,Longos - Grilled Chicken With,79
30.42.46.127/27,7614,lacinia eget tincidunt eget tempus,"Mayer, Herman and Davis",36,Chinese Foods - Chicken,42
59.43.197.242/19,9014,nam tristique tortor,Hane LLC,30,Jello - Assorted,89
138.191.126.34/7,6078,vivamus tortor duis mattis,"Turner, Larkin and Jaskolski",32,"Capon - Breast, Double, Wing On",69
180.89.61.111/15,5393,nulla integer pede justo lacinia,Herzog and Sons,17,Bread - White Mini Epi,42
233.234.148.230/12,8071,nibh in quis justo maecenas,Carroll Group,27,Container - Clear 32 Oz,49
14.8.64.72/30,8588,duis aliquam convallis,Stiedemann-Schultz,25,Wine - Sicilia Igt Nero Avola,39
1.125.58.96/3,5941,posuere cubilia curae,Corwin-Auer,13,Pheasants - Whole,69
245.246.53.220/17,6025,integer ac leo pellentesque ultrices,Predovic and Sons,22,Tea - Herbal - 6 Asst,64
224.64.80.207/11,6450,diam nam tristique tortor eu,Gutkowski Inc,14,Cheese Cheddar Processed,31
120.228.34.134/1,6944,integer aliquet massa,Gaylord Inc,34,Water - Green Tea Refresher,75
171.234.236.19/22,5248,blandit ultrices enim lorem,Wiegand and Sons,33,"Yogurt - Banana, 175 Gr",35
223.226.207.82/15,7615,phasellus sit amet erat nulla,"Mertz, Gusikowski and Bergstrom",20,Wine - Carmenere Casillero Del,97
100.9.242.119/17,7929,in faucibus orci luctus et,"Hodkiewicz, McDermott and Pollich",16,Calypso - Pineapple Passion,44
199.164.94.67/28,9832,nisi venenatis tristique fusce,Thompson-Johnson,14,Flower - Daisies,35
202.187.247.148/12,5207,erat tortor sollicitudin mi sit,Prohaska and Sons,39,Sage - Fresh,87
175.48.122.87/25,7571,lorem ipsum dolor sit,"Hayes, Dickens and Thompson",40,Cheese Cloth No 60,50
221.99.55.98/24,5187,lacus morbi quis tortor id,"Kiehn, Bednar and Pfannerstill",16,Lamb - Shoulder,77
198.42.27.35/3,8181,ipsum dolor sit amet consectetuer,DuBuque-Schmitt,10,"Croissant, Raw - Mini",69
223.114.151.183/3,7316,tellus nulla ut erat,Hodkiewicz LLC,37,Cheese - Pont Couvert,34
144.83.242.49/30,5842,eu sapien cursus vestibulum,"Simonis, Trantow and Yundt",33,Oil - Avocado,87
11.188.116.118/9,5070,duis at velit eu est,Ortiz-Ullrich,30,Food Colouring - Blue,57
105.187.121.59/20,8248,ligula suspendisse ornare consequat lectus,Raynor-Blick,29,Mint - Fresh,89
208.145.159.199/21,6094,neque sapien placerat,Streich-Legros,16,"Coconut - Shredded, Sweet",100
32.114.88.56/18,9352,sed tincidunt eu felis fusce,"Deckow, Toy and Franecki",27,Caviar - Salmon,59
9.140.103.68/7,8074,ante vestibulum ante ipsum primis,"Deckow, O'Reilly and Heathcote",16,"Wine - Magnotta, Merlot Sr Vqa",87
159.170.195.124/10,8284,purus phasellus in felis,Schulist-Runolfsdottir,22,"Rum - Light, Captain Morgan",52
212.224.166.61/5,8289,aliquam non mauris,"Purdy, Schaden and Gerlach",27,Nougat - Paste / Cream,69
54.93.243.200/31,5816,quam sapien varius ut,Bednar and Sons,35,Bread - 10 Grain Parisian,35
237.154.178.98/26,6734,augue vestibulum rutrum rutrum neque,"Hackett, Langworth and Swift",34,Cabbage Roll,34
49.173.152.102/7,6817,congue eget semper rutrum,"Sawayn, Bergnaum and Bartoletti",16,Gherkin - Sour,92
45.29.0.12/5,7202,vulputate elementum nullam varius nulla,Keeling LLC,24,Oven Mitts - 15 Inch,43
184.155.247.71/25,7115,non lectus aliquam sit,Hettinger LLC,28,Turkey Tenderloin Frozen,77
17.178.248.254/20,8466,dapibus dolor vel est donec,Lesch and Sons,21,Petite Baguette,84
223.216.127.25/12,8807,molestie sed justo pellentesque,Marks-Dooley,36,Drambuie,31
3.244.92.178/8,8977,elementum pellentesque quisque porta volutpat,Corwin-Ward,25,Aspic - Amber,87
225.193.94.210/18,9866,nisl venenatis lacinia aenean,Cartwright-Jaskolski,34,Hinge W Undercut,67
194.159.213.238/24,6735,congue etiam justo etiam,Mraz Inc,24,Icecream - Dstk Strw Chseck,55
113.197.255.4/8,7914,eu sapien cursus vestibulum proin,Huel-Pfeffer,37,Beer - Sleemans Honey Brown,92
15.145.43.187/17,6401,amet consectetuer adipiscing elit,Blick-Trantow,14,Soup - Campbells Pasta Fagioli,74
64.70.253.193/23,7207,placerat ante nulla justo aliquam,McGlynn-Nikolaus,22,Taro Leaves,100
162.60.160.218/5,6248,nascetur ridiculus mus etiam,Bednar-Hamill,35,Rice - Brown,96
80.220.253.96/31,7048,non ligula pellentesque,Kilback LLC,10,Potatoes - Mini White 3 Oz,70
34.34.123.10/1,9343,malesuada in imperdiet et commodo,"Wisozk, O'Keefe and Hills",30,"Wine - Magnotta, White",79
251.127.144.251/24,8618,magna at nunc,"Jacobs, Hintz and Grady",19,Chinese Foods - Pepper Beef,65
224.214.6.45/6,8668,ac enim in,Cartwright-Quitzon,12,Rabbit - Frozen,75
151.131.208.213/6,5454,consectetuer eget rutrum at,"Hegmann, Wolff and Grant",39,"Nut - Almond, Blanched, Sliced",34
168.115.177.176/11,5438,vel est donec odio justo,Shanahan-Crona,34,Roe - White Fish,62
102.223.42.166/26,9163,dictumst maecenas ut,Shanahan Group,35,Yogurt - French Vanilla,84
133.169.74.3/25,9356,consequat metus sapien ut nunc,Hilpert LLC,34,Wine - Valpolicella Masi,71
154.127.207.115/11,6150,rhoncus dui vel,"Treutel, Prosacco and Hackett",10,Straws - Cocktale,51
48.39.196.156/26,9222,posuere metus vitae ipsum aliquam,"Grant, Bernhard and Leffler",20,Longos - Grilled Chicken With,74
129.222.135.123/28,9165,ut odio cras,Huels-Oberbrunner,16,Butter Ripple - Phillips,96
204.104.88.121/23,8354,habitasse platea dictumst maecenas,Zboncak LLC,21,Wooden Mop Handle,50
8.228.23.170/20,7684,aliquam non mauris morbi non,Kshlerin and Sons,20,Island Oasis - Mango Daiquiri,76
196.126.196.189/18,9559,aenean auctor gravida sem,King and Sons,12,Chicken - Ground,72
252.167.202.97/13,5880,venenatis turpis enim blandit mi,Mayert-Mohr,29,"Extract - Vanilla,artificial",93
77.106.13.185/4,9950,lorem vitae mattis nibh,Bartell and Sons,13,Calypso - Pineapple Passion,70
87.147.201.159/1,8589,metus vitae ipsum,"Lindgren, Casper and Nader",33,"Apple - Delicious, Red",92
49.38.70.182/31,8296,in felis eu,Vandervort Group,35,Muffin Carrot - Individual,67
87.56.174.80/25,5886,natoque penatibus et,Hauck-Pouros,37,Guava,91
201.230.77.141/27,5847,justo in hac habitasse platea,Prohaska and Sons,14,Towels - Paper / Kraft,53
231.56.116.190/5,8273,integer ac neque duis,Aufderhar and Sons,18,Milk 2% 500 Ml,40
201.57.245.126/3,7273,pellentesque ultrices phasellus id,"Grimes, Rau and Hand",21,Lotus Rootlets - Canned,30
73.65.205.90/10,7135,convallis eget eleifend luctus,Medhurst Group,36,"Pepper - White, Whole",68
220.90.175.4/15,6465,dolor sit amet consectetuer,Greenholt Group,12,Garam Masala Powder,79
186.96.112.5/23,9968,quisque porta volutpat erat quisque,Larkin Group,40,Dikon,61
90.115.133.235/2,8100,risus semper porta,Lesch Group,36,Huck White Towels,38
48.93.100.17/29,8602,morbi vestibulum velit id,Shanahan Group,13,Cake - French Pear Tart,97
225.27.238.16/31,6848,convallis duis consequat,"Marquardt, McGlynn and Reichel",12,"Cup - 6oz, Foam",98
68.246.58.247/31,5151,sed vel enim,Quitzon Inc,22,Beef - Flank Steak,65
217.57.100.219/8,9746,ut at dolor quis,Christiansen-Thompson,40,Wine - Pinot Noir Latour,34
237.173.104.168/7,9134,leo odio porttitor,"Wiza, Emmerich and Hamill",12,Nantucket - Pomegranate Pear,58
65.26.135.13/13,6779,ac enim in,Hoppe-Kshlerin,11,Cookie Dough - Chocolate Chip,34
18.233.92.65/11,6559,eleifend donec ut,Pouros-Batz,28,"Tart Shells - Sweet, 4",88
20.250.7.116/11,9218,nam nulla integer,Jacobson LLC,29,Pasta - Agnolotti - Butternut,31
135.203.92.145/19,5285,quis odio consequat varius,Cremin-Pagac,40,"Pepper - Julienne, Frozen",35
2.188.147.97/16,8459,mattis egestas metus aenean,Kihn-West,23,Potato - Sweet,43
20.62.113.153/30,5051,et commodo vulputate justo,Mante Group,18,"Chicken - Wings, Tip Off",79
109.72.253.160/24,5072,sagittis nam congue,Considine-Mante,16,Wine - Spumante Bambino White,55
126.235.161.49/23,7317,nibh in lectus pellentesque,Schiller and Sons,30,Pumpkin - Seed,84
160.45.54.159/8,7248,habitasse platea dictumst aliquam augue,"Schuppe, Hamill and Olson",30,Sea Bass - Whole,98
78.163.245.91/29,9864,ut dolor morbi,"Cole, Haag and Lang",39,Nori Sea Weed - Gold Label,59
105.217.76.219/8,5685,nunc vestibulum ante ipsum,Blick LLC,38,Wine - German Riesling,44
146.231.130.242/29,9057,sapien sapien non mi integer,Pouros Inc,24,"Cake Circle, Paprus",69
178.95.54.85/4,8174,arcu sed augue aliquam erat,Feil-Wehner,37,"Lid - Translucent, 3.5 And 6 Oz",40
154.176.30.113/3,9059,nisi nam ultrices libero,Steuber-Erdman,21,Salt And Pepper Mix - Black,72
221.172.214.183/17,9872,enim leo rhoncus sed vestibulum,"Renner, Schumm and Thiel",40,Wine - Carmenere Casillero Del,31
123.236.116.193/28,8244,aliquam non mauris,"Lind, Kozey and Schmidt",15,Ecolab Digiclean Mild Fm,91
13.54.155.102/24,5815,porttitor lacus at turpis donec,Hauck and Sons,27,Cookies - Amaretto,35
59.153.121.217/1,8719,vestibulum sagittis sapien cum,Fritsch Group,15,Brandy Apricot,45
213.103.223.46/9,8620,morbi ut odio,Weissnat-Hills,16,Ginger - Ground,53
116.88.56.120/14,6964,fusce lacus purus,Hirthe LLC,18,Beef - Striploin Aa,62
187.5.69.183/15,8930,volutpat dui maecenas tristique est,Herzog Group,22,Chips Potato All Dressed - 43g,33
45.41.18.86/5,6968,amet consectetuer adipiscing elit proin,Volkman-Hammes,29,Fiddlehead - Frozen,63
236.102.141.110/23,9859,felis sed lacus morbi sem,"Orn, Koch and Dickens",23,Broom - Push,89
118.249.220.114/10,8914,vestibulum ante ipsum primis in,Donnelly-Stanton,18,Aromat Spice / Seasoning,68
198.217.233.251/28,8010,luctus ultricies eu,Klein-Gaylord,17,"Nut - Hazelnut, Whole",48
87.81.226.96/14,8698,quisque ut erat curabitur gravida,"Will, Bins and Rempel",11,Chicken - Wieners,56
187.10.108.37/19,7366,pulvinar nulla pede ullamcorper augue,Jacobs Group,25,Pie Filling - Cherry,77
230.99.121.23/3,9565,sem duis aliquam convallis nunc,Gleason-D'Amore,22,Chocolate Bar - Oh Henry,41
113.13.250.151/9,5081,pellentesque ultrices phasellus id,Crist-Bauch,39,Energy Drink Red Bull,35
56.181.195.10/3,7760,potenti in eleifend quam,Schroeder-Blanda,20,Calaloo,34
25.57.110.140/10,9477,dictumst aliquam augue quam,Hyatt Inc,31,"Vermouth - White, Cinzano",96
16.204.252.228/15,5498,ut erat curabitur gravida nisi,Robel Group,38,Lettuce - Treviso,53
13.228.85.146/27,9970,in tempus sit amet,Kovacek-McKenzie,24,Sauce - Cranberry,68
92.73.62.57/14,6490,justo nec condimentum,Hansen-Stark,40,Pastry - Cherry Danish - Mini,37
125.183.108.193/21,7106,sit amet consectetuer adipiscing elit,"Corkery, Flatley and Rice",37,Chives - Fresh,46
28.229.87.240/2,6547,lectus suspendisse potenti in,"Dicki, Doyle and Keeling",38,Irish Cream - Baileys,31
179.74.2.230/7,5402,eget elit sodales scelerisque,"Fritsch, Abernathy and Grady",12,Muffin - Zero Transfat,48
129.107.249.154/1,9936,lacus curabitur at ipsum ac,McLaughlin-Bogan,11,Black Currants,34
98.122.83.56/1,9328,nisi nam ultrices libero,Cronin-Smith,38,Stock - Fish,85
196.82.194.135/3,9089,in quis justo,Jacobs-Runolfsson,28,Containter - 3oz Microwave Rect.,57
191.41.146.243/29,5015,ac tellus semper,Gottlieb-Reinger,32,Rice - Brown,97
22.102.248.248/28,7467,pulvinar sed nisl,Grimes-Wintheiser,39,Wine - Mondavi Coastal Private,94
247.15.11.182/27,9774,in felis eu sapien cursus,Ondricka-Cartwright,34,V8 Pet,83
185.172.183.53/3,6326,rutrum nulla tellus in sagittis,"Koch, Swaniawski and Rempel",20,Peppercorns - Green,30
182.184.181.208/20,5051,vivamus vestibulum sagittis sapien,"Mitchell, Spinka and Greenholt",15,Sauce - Demi Glace,32
214.206.186.60/31,5168,sociis natoque penatibus,Tillman-Russel,26,Lamb - Shanks,45
71.134.33.237/15,7560,condimentum neque sapien placerat,Jenkins-Lueilwitz,14,"Lemonade - Natural, 591 Ml",42
197.249.2.250/17,7383,lacus at velit,"Walsh, Labadie and Hessel",37,Beans - Fine,64
11.224.72.190/17,6795,sociis natoque penatibus,Casper-Hirthe,13,Bar Nature Valley,94
165.219.255.222/20,9257,ut nunc vestibulum ante ipsum,Harvey Inc,27,Crackers Cheez It,36
220.49.208.188/26,6443,platea dictumst morbi vestibulum velit,Spinka LLC,20,Paper Cocktail Umberlla 80 - 180,36
230.82.13.132/24,8270,sem mauris laoreet ut,Maggio-VonRueden,21,Lettuce - Frisee,99
208.214.74.29/3,6205,potenti nullam porttitor lacus,Raynor-Cronin,18,Yoplait Drink,72
59.28.194.224/25,5040,scelerisque mauris sit,Kling LLC,23,Chives - Fresh,45
160.73.147.16/27,7894,vel augue vestibulum ante ipsum,"Herman, Runolfsson and Wintheiser",27,Pork - Back Ribs,51
32.65.223.87/30,9258,cursus urna ut tellus,Howe and Sons,32,Juice - Lemon,71
228.31.70.178/18,7696,potenti nullam porttitor,"Rempel, Wiegand and Turner",13,"Stock - Beef, Brown",73
164.231.201.207/11,6986,sem duis aliquam convallis,"Block, Pollich and Grimes",12,Veal - Leg,33
120.135.174.45/7,6554,vivamus in felis eu sapien,"Swaniawski, Weimann and Kilback",34,"Fish - Soup Base, Bouillon",39
117.133.106.92/14,7127,morbi vel lectus in quam,Parker Inc,25,Shrimp - 31/40,33
115.23.8.90/31,5901,mattis egestas metus,Ebert-Marks,36,Anchovy In Oil,49
123.77.125.89/20,9984,in libero ut massa,Batz-Marvin,40,Chutney Sauce,87
232.206.19.34/25,9755,est congue elementum in,"Ryan, Watsica and Doyle",27,Cheese Cloth,78
71.255.215.201/4,8148,montes nascetur ridiculus,"Spencer, Hilll and Reynolds",24,"Wine - Mas Chicet Rose, Vintage",93
52.227.235.181/19,9455,diam nam tristique tortor,Rice-Ondricka,21,Foam Dinner Plate,49
61.251.143.118/12,9447,mauris eget massa tempor,Rice-Marquardt,36,Wine - Clavet Saint Emilion,35
166.253.52.187/3,5364,phasellus in felis donec,Ebert LLC,14,"Pasta - Lasagne, Fresh",78
188.80.239.249/23,8156,felis eu sapien cursus vestibulum,"Feest, Erdman and MacGyver",25,Chef Hat 20cm,61
127.46.179.206/4,6711,ac lobortis vel dapibus,Kautzer-Ferry,31,Lotus Leaves,44
90.4.233.59/30,6010,duis at velit eu,"Altenwerth, Bailey and Waters",30,Nougat - Paste / Cream,99
160.47.139.135/1,6251,vehicula consequat morbi a,Kozey-Bergnaum,31,Cheese - Brie Roitelet,72
212.66.255.232/22,8374,nunc purus phasellus in,Herman Group,40,Gelatine Leaves - Envelopes,76
217.229.28.255/27,7157,aenean fermentum donec ut,Roberts-Hahn,35,Wine - Marlbourough Sauv Blanc,42
40.162.38.114/2,7465,erat tortor sollicitudin,"Toy, Carroll and Schaefer",23,Parsley - Fresh,52
237.175.236.214/3,9845,eleifend quam a odio in,"Nader, Kshlerin and Schmidt",19,Chicken Thigh - Bone Out,90
143.105.186.83/4,7975,nisi eu orci mauris lacinia,Schamberger LLC,32,Mix - Cocktail Ice Cream,90
46.8.30.183/11,5688,luctus rutrum nulla tellus,Walter and Sons,20,"Sauce - Apple, Unsweetened",87
220.146.135.148/2,6003,porttitor id consequat in,Bauch and Sons,29,"Crab - Claws, 26 - 30",45
58.36.221.22/17,5363,turpis eget elit,MacGyver-Mayert,30,Calypso - Strawberry Lemonade,76
200.229.18.240/2,7455,libero quis orci,Trantow Group,34,Pants Custom Dry Clean,88
187.72.251.130/29,7767,in felis donec,Kilback Inc,28,Cheese - Sheep Milk,34
192.181.77.253/21,7415,rutrum neque aenean auctor,Heidenreich Group,33,Capicola - Hot,57
141.67.94.40/28,9824,ultricies eu nibh,Cormier-Veum,25,Cake - Mini Cheesecake,50
167.68.170.28/30,9267,sollicitudin ut suscipit a feugiat,Schuppe Group,29,Munchies Honey Sweet Trail Mix,74
21.59.79.18/13,9529,sit amet cursus id,Harvey-McKenzie,37,Coffee - Decafenated,77
37.255.67.84/31,7758,rhoncus dui vel sem sed,Upton-Gerlach,31,Garam Marsala,57
25.111.57.85/23,7059,nunc nisl duis bibendum felis,Collins LLC,22,"Soup - Knorr, Country Bean",96
243.24.60.148/9,9169,libero non mattis,Koepp Group,13,Mangostein,93
41.121.237.139/24,6523,ante ipsum primis in,Schamberger-Lebsack,14,"Sole - Dover, Whole, Fresh",54
215.205.56.185/3,8432,dictumst maecenas ut massa,Jakubowski Group,20,Dawn Professionl Pot And Pan,82
134.107.183.50/8,9048,vestibulum proin eu,O'Hara Inc,17,Wine - Jackson Triggs Okonagan,39
156.44.140.246/24,5932,augue quam sollicitudin vitae,"Yundt, Smitham and Bosco",36,Salmon Steak - Cohoe 8 Oz,84
157.62.71.67/14,6605,porttitor lacus at turpis,"Kuphal, Langosh and Langworth",16,Broom And Broom Rack White,93
115.123.234.175/29,9080,vestibulum ac est lacinia,Schmeler-Rowe,30,Bread - Crusty Italian Poly,93
154.196.164.189/3,6310,enim blandit mi,"Wilkinson, Mills and Trantow",10,Spice - Pepper Portions,73
78.203.167.11/25,6387,libero convallis eget,Stroman Inc,35,Papadam,81
150.54.137.61/11,5506,pulvinar lobortis est,Hickle-Jacobson,22,"Chicken - Breast, 5 - 7 Oz",50
88.124.133.141/25,9850,augue vestibulum ante,"West, Spinka and Funk",28,Sea Urchin,45
211.75.126.73/21,8012,primis in faucibus,Koepp Group,15,Cheese - Goat With Herbs,50
105.0.125.227/14,8344,felis sed lacus morbi,Bosco-Larson,33,"Croissant, Raw - Mini",63
210.193.186.54/24,7624,vitae quam suspendisse potenti,"Abbott, Schroeder and Bernhard",19,Plasticspoonblack,85
164.216.251.245/31,8174,amet diam in magna bibendum,Windler LLC,20,"Beans - Long, Chinese",78
19.191.181.197/5,7609,metus aenean fermentum donec,Carter LLC,13,Chocolate - Mi - Amere Semi,67
109.78.190.181/18,5207,id ornare imperdiet sapien urna,"Nikolaus, Steuber and Abbott",25,Sproutsmustard Cress,75
175.113.51.190/31,9942,luctus et ultrices posuere,"Krajcik, Koelpin and Waelchi",33,Beef - Short Ribs,97
17.141.153.57/8,8786,vulputate nonummy maecenas,"Roberts, Haag and Goyette",15,"Cup - 3.5oz, Foam",78
108.127.60.43/16,6557,in lacus curabitur at ipsum,"Armstrong, Wyman and Marvin",34,"Brownies - Two Bite, Chocolate",72
187.15.76.201/4,9647,odio porttitor id consequat,Rogahn and Sons,15,Praline Paste,81
25.131.188.142/22,6150,lorem vitae mattis nibh,Gleichner-Windler,28,Beef - Prime Rib Aaa,34
23.171.145.64/24,7378,elementum nullam varius,"Ryan, Ruecker and Wuckert",19,"Dill - Primerba, Paste",32
222.4.72.38/25,8128,velit eu est,Weber-Ebert,16,Sage - Ground,78
213.163.40.24/1,8746,pede posuere nonummy,"Roob, Anderson and Swift",30,Squid - U 5,56
84.52.82.33/25,7492,gravida sem praesent id,Crona-Turner,20,Table Cloth - 53x69 Colour,53
173.13.228.29/2,9985,eu tincidunt in leo,"Crist, Botsford and O'Keefe",29,Stainless Steel Cleaner Vision,68
222.156.87.26/10,6197,vitae quam suspendisse,Wiegand and Sons,17,Soup - French Can Pea,42
175.131.68.218/27,8091,habitasse platea dictumst etiam faucibus,Littel-Crist,37,Bread Roll Foccacia,50
161.221.85.57/24,9553,quam a odio in hac,MacGyver-Ryan,40,Gatorade - Fruit Punch,76
36.46.72.104/24,9493,nam dui proin,"O'Conner, VonRueden and Quigley",36,Plasticforkblack,96
92.242.87.26/6,8575,at lorem integer,Moen-Herzog,23,Longos - Chicken Wings,78
246.165.87.36/22,9562,id nisl venenatis lacinia,Feil Inc,31,Cheese - Montery Jack,95
111.236.215.20/21,5434,pulvinar nulla pede,Reichert-Douglas,38,Foil - Round Foil,76
85.132.252.222/22,7188,mi nulla ac,Bogan-Weimann,21,Salt - Sea,34
200.148.62.93/4,6191,purus sit amet,"Reinger, Gaylord and Spencer",23,Lotus Root,66
61.86.125.163/7,7799,curae nulla dapibus dolor,"Schultz, O'Reilly and Breitenberg",27,"Lamb - Racks, Frenched",32
58.248.70.249/19,5507,lorem ipsum dolor sit,"McKenzie, Turner and Grant",18,"Chicken - White Meat, No Tender",35
245.115.193.96/31,5288,nunc vestibulum ante ipsum primis,Ferry LLC,11,Slt - Individual Portions,84
162.180.209.119/11,6542,praesent id massa,"Waters, Jenkins and Heidenreich",10,Wine - Montecillo Rioja Crianza,43
208.149.201.254/30,6334,rhoncus sed vestibulum,Upton LLC,14,Lamb - Ground,84
65.29.214.106/1,9719,lacus purus aliquet,"Yost, Gleichner and Gerhold",30,Remy Red Berry Infusion,98
60.24.234.120/24,8123,at dolor quis odio,"Olson, Zemlak and Jenkins",35,Sherbet - Raspberry,82
128.66.210.129/27,7422,dignissim vestibulum vestibulum ante,O'Conner-Ratke,22,"Wine - Red, Pelee Island Merlot",61
28.46.114.47/30,9716,volutpat sapien arcu sed augue,"Zieme, Quitzon and Rowe",11,"Cherries - Bing, Canned",81
178.84.242.121/11,9206,quam pharetra magna ac consequat,Bechtelar-Dickinson,13,Wine - Riesling Dr. Pauly,61
47.93.214.192/19,9527,dolor vel est,"Willms, Kling and Rowe",10,Yoplait - Strawbrasp Peac,53
123.11.12.225/2,6934,tincidunt ante vel ipsum praesent,Terry Group,36,Roe - Flying Fish,83
50.145.60.11/1,5543,pellentesque ultrices mattis,"Cummings, Jacobi and VonRueden",39,Ham - Proscuitto,61
32.21.75.98/13,7334,consequat morbi a ipsum integer,Gleichner-Tremblay,19,"Mushrooms - Black, Dried",39
118.179.186.120/28,7535,consequat varius integer ac leo,Fay-Stehr,17,Bag Clear 10 Lb,34
115.228.132.10/21,6331,ut suscipit a feugiat,Block-Abbott,28,Soup Campbells Split Pea And Ham,74
39.166.68.150/11,6501,vel accumsan tellus nisi,"Goldner, Stiedemann and Mueller",17,Wine - Vouvray Cuvee Domaine,30
242.186.163.245/11,9579,vestibulum sagittis sapien,Kozey-Quigley,12,Rice - 7 Grain Blend,77
205.8.180.209/2,8933,id nulla ultrices aliquet,"Carter, Wintheiser and Beahan",30,Olive - Spread Tapenade,30
102.158.139.230/18,5308,turpis sed ante vivamus tortor,Terry and Sons,19,Tomatoes - Yellow Hot House,56
98.14.82.124/11,5006,nam nulla integer pede justo,Shields and Sons,17,Chicken - Whole Fryers,92
146.149.23.70/30,7909,mauris viverra diam vitae quam,Sipes LLC,36,Beer - True North Strong Ale,38
75.156.225.183/8,9862,quisque arcu libero rutrum,Vandervort Inc,39,Truffle - Peelings,42
126.108.238.25/25,8930,in felis donec,Wolff-Lowe,36,Coffee - French Vanilla Frothy,63
159.184.139.176/25,6207,nibh in hac habitasse,Heller Inc,35,Dc - Frozen Momji,38
218.171.243.252/21,5106,ac tellus semper interdum mauris,"Monahan, Mueller and Roberts",13,"Pork - Sausage, Medium",33
226.194.91.198/25,5393,dapibus nulla suscipit ligula in,Beier-Ferry,32,"Beans - Kidney, Canned",59
126.196.130.165/1,6300,tempus semper est,Jenkins and Sons,22,Oil - Pumpkinseed,54
236.242.170.212/19,6135,ullamcorper augue a,Rippin and Sons,20,Beef - Top Sirloin - Aaa,89
146.134.4.217/11,6685,nulla mollis molestie,Reichert LLC,18,"Wine - Harrow Estates, Vidal",57
225.6.80.176/22,8254,dictumst aliquam augue quam,"Gutkowski, Hackett and Harber",25,"Pasta - Bauletti, Chicken White",99
46.224.246.255/24,9071,luctus et ultrices posuere cubilia,"Mueller, Ebert and Stark",37,Coffee Decaf Colombian,59
4.129.48.118/6,6454,rutrum neque aenean auctor,Reichel Inc,17,Creme De Menth - White,89
109.94.183.42/19,9371,at vulputate vitae nisl aenean,Kris-Bruen,28,Wine - Crozes Hermitage E.,47
67.119.177.52/3,5572,sapien a libero,Schinner-Spinka,23,Muffin - Carrot Individual Wrap,48
184.79.242.101/20,6374,bibendum felis sed,"Kling, Sawayn and Pfeffer",23,"Lamb - Leg, Bone In",47
124.30.73.129/6,6981,mauris morbi non lectus,"Volkman, Hickle and Emard",12,Milk - Homo,79
60.64.241.142/30,5865,nulla pede ullamcorper,Gislason-Turcotte,13,Sea Urchin,90
217.148.237.204/5,9554,non quam nec,Ankunding Group,20,Sherry - Dry,99
25.168.50.109/5,5491,pulvinar sed nisl nunc rhoncus,Barrows-Ferry,14,Butter - Pod,38
210.24.1.22/13,7644,eu interdum eu,Hartmann and Sons,39,"Sauce - Apple, Unsweetened",92
159.95.78.55/7,9244,pellentesque ultrices phasellus id sapien,Frami Inc,38,Everfresh Products,98
211.245.16.144/13,5016,phasellus id sapien in,"Hegmann, Hyatt and Harber",29,Syrup - Monin - Granny Smith,41
5.174.254.97/28,8237,convallis nulla neque libero convallis,"Quitzon, Stracke and Auer",33,Vodka - Smirnoff,73
183.89.77.211/24,6661,nulla sed accumsan felis,Hermiston-Lebsack,31,"Butter - Salted, Micro",64
195.46.59.227/1,5752,diam erat fermentum,Ward-Prohaska,34,Tea - Grapefruit Green Tea,39
17.114.52.211/29,9116,dis parturient montes nascetur ridiculus,"Greenfelder, Ebert and Wisoky",30,Vinegar - Sherry,51
77.104.217.124/2,9508,nulla sed accumsan felis ut,Bechtelar-Rodriguez,14,Remy Red Berry Infusion,67
12.137.169.110/10,8621,vel accumsan tellus,Lindgren and Sons,14,"Sauce - Soya, Light",69
10.25.65.137/12,9405,tristique est et tempus,Hodkiewicz Inc,27,Tandoori Curry Paste,54
125.145.153.183/14,8780,eget eleifend luctus,"Douglas, Connelly and West",23,Lemon Grass,94
195.16.208.49/27,6401,gravida nisi at nibh,Harber-Ferry,14,Soy Protein,96
38.65.46.124/31,5201,felis eu sapien cursus,Wisozk LLC,31,Vinegar - Cider,58
119.112.254.53/24,6130,purus phasellus in felis donec,Lehner and Sons,34,Bread - Olive,51
45.224.103.167/21,9579,quam nec dui luctus,Pfeffer LLC,12,Chicken - Ground,72
156.93.71.203/1,9925,felis sed interdum venenatis turpis,Littel and Sons,28,Icecream Cone - Areo Chocolate,66
132.24.226.201/7,7710,adipiscing elit proin,Nienow LLC,11,Cake - French Pear Tart,52
113.47.134.88/12,5857,est lacinia nisi venenatis,Nicolas Inc,14,"Noodles - Cellophane, Thin",47
45.160.135.26/11,8329,pede justo lacinia,Satterfield-Towne,29,Sorrel - Fresh,93
23.216.205.137/4,8394,congue eget semper rutrum,"Trantow, Mueller and Toy",28,Pastry - Lemon Danish - Mini,66
138.7.0.43/31,5523,venenatis non sodales sed tincidunt,Beier and Sons,38,Pastry - Banana Muffin - Mini,41
138.60.115.139/19,8037,penatibus et magnis,"DuBuque, Brown and Dibbert",12,Bread - Multigrain,62
211.155.221.124/11,7098,quis orci nullam molestie nibh,Fisher Inc,23,Dawn Professionl Pot And Pan,62
112.244.64.226/7,7934,proin risus praesent lectus,Halvorson-Schuster,16,Tea - Black Currant,94
152.59.127.135/22,5124,felis donec semper,"Pouros, Schroeder and Macejkovic",36,Apricots - Halves,39
213.175.119.216/27,8691,nec dui luctus rutrum nulla,Braun-Nienow,12,Pepper - Green,46
244.76.104.85/29,5354,aliquet maecenas leo odio,Rolfson-Kuvalis,11,Tea - Honey Green Tea,52
59.102.154.220/20,6452,et ultrices posuere,"Hirthe, Ruecker and Spencer",23,Puree - Raspberry,53
208.180.239.43/24,5339,vel accumsan tellus,Beatty-Torphy,20,"Marjoram - Dried, Rubbed",84
188.113.190.121/17,6310,pede posuere nonummy,"Bayer, Fritsch and Kautzer",38,Garlic Powder,59
106.7.110.198/7,5819,eros suspendisse accumsan tortor,"Wisozk, Schneider and Bogan",31,Egg - Salad Premix,90
207.149.151.170/14,9419,sociis natoque penatibus,Hoppe Group,16,Wine - Vidal Icewine Magnotta,74
184.85.238.55/4,9441,urna pretium nisl,"Armstrong, Hickle and Hahn",31,"Cheese - Brie, Triple Creme",49
247.149.180.98/20,9006,magnis dis parturient montes,"Turner, VonRueden and Kshlerin",39,"Capon - Breast, Wing On",56
77.84.179.207/3,7384,erat fermentum justo nec condimentum,Cartwright-Murazik,26,Pastry - Apple Muffins - Mini,55
48.119.109.4/19,5535,pellentesque viverra pede ac diam,"Kassulke, Brekke and Dare",19,Appetizer - Escargot Puff,38
224.1.61.85/21,8382,elementum in hac habitasse,Howell-Goyette,23,Dehydrated Kelp Kombo,39
70.228.40.90/21,9413,id sapien in sapien,Gutmann LLC,29,Pork - Ham Hocks - Smoked,55
190.215.45.102/23,6620,ipsum integer a nibh in,"Pfannerstill, Daniel and Dietrich",25,"Pasta - Fettuccine, Dry",63
223.179.215.219/8,6463,ac nulla sed vel enim,"Hills, Reynolds and Considine",31,Lamb - Shanks,32
26.90.84.117/23,8752,accumsan odio curabitur convallis,Leuschke and Sons,33,Sprouts - Pea,62
26.234.22.42/13,8466,mattis egestas metus,"Spinka, Lemke and Schuppe",16,Wine - Maipo Valle Cabernet,56
140.242.126.173/25,9079,rhoncus aliquet pulvinar sed nisl,Sipes-Krajcik,10,Beef - Ground Lean Fresh,93
80.59.70.1/2,9233,quis odio consequat varius integer,Koepp-Kulas,17,Sour Puss - Tangerine,66
0.153.185.13/1,6218,duis mattis egestas,Herman and Sons,33,Chocolate - Dark Callets,69
0.235.245.251/11,5486,sapien a libero nam,Considine-Terry,23,Flower - Leather Leaf Fern,90
201.251.238.194/13,9429,quam turpis adipiscing lorem vitae,Strosin-Cormier,10,"Flour - Buckwheat, Dark",45
109.173.98.115/29,8142,proin eu mi nulla,Ryan-Hilll,39,Spring Roll Wrappers,48
96.224.179.129/19,5899,et magnis dis parturient,Kertzmann-Abbott,21,Wine - Jackson Triggs Okonagan,87
8.208.114.43/15,8668,pretium quis lectus,Kirlin Group,28,Cheese - Cambozola,39
196.24.11.111/23,9802,feugiat non pretium,"Moore, Goyette and Farrell",28,Coffee - Cafe Moreno,61
9.213.236.17/26,9911,quisque porta volutpat,Boyle-Moore,29,Brandy Apricot,30
69.65.218.217/21,5099,est et tempus semper,"Murphy, Wisoky and Bechtelar",12,"Pasta - Fettuccine, Dry",30
171.101.243.149/11,8031,curabitur gravida nisi,Olson LLC,38,Wine - Cave Springs Dry Riesling,66
176.64.95.135/22,8740,lorem ipsum dolor sit,Bergnaum LLC,16,Asparagus - Mexican,36
155.222.208.198/29,6920,felis eu sapien cursus,Hodkiewicz Group,26,Absolut Citron,94
68.158.139.152/24,9094,vivamus vel nulla,"Pagac, Pacocha and Goldner",14,Soup - French Can Pea,35
79.191.125.6/28,8496,nunc commodo placerat praesent blandit,"Mante, VonRueden and Collier",36,Wine - Magnotta - Bel Paese White,33
